"show_id","director","cast"
"s1","Kirsten Johnson","null"
"s2","null","Ama Qamata, Khosi Ngema, Gail Mabalane, Thabang Molaba, Dillon Windvogel, Natasha Thahane, Arno Greeff, Xolile Tshabalala, Getmore Sithole, Cindy Mahlangu, Ryle De Morny, Greteli Fincham, Sello Maake Ka-Ncube, Odwa Gwanya, Mekaila Mathys, Sandi Schultz, Duane Williams, Shamilla Miller, Patrick Mofokeng"
"s3","Julien Leclercq","Sami Bouajila, Tracy Gotoas, Samuel Jouy, Nabiha Akkari, Sofia Lesaffre, Salim Kechiouche, Noureddine Farihi, Geert Van Rampelberg, Bakary Diombera"
"s4","null","null"
"s5","null","Mayur More, Jitendra Kumar, Ranjan Raj, Alam Khan, Ahsaas Channa, Revathi Pillai, Urvi Singh, Arun Kumar"
"s6","Mike Flanagan","Kate Siegel, Zach Gilford, Hamish Linklater, Henry Thomas, Kristin Lehman, Samantha Sloyan, Igby Rigney, Rahul Kohli, Annarah Cymone, Annabeth Gish, Alex Essoe, Rahul Abburi, Matt Biedel, Michael Trucco, Crystal Balint, Louis Oliver"
"s7","Robert Cullen, JosÃ© Luis Ucha","Vanessa Hudgens, Kimiko Glenn, James Marsden, Sofia Carson, Liza Koshy, Ken Jeong, Elizabeth Perkins, Jane Krakowski, Michael McKean, Phil LaMarr"
"s8","Haile Gerima","Kofi Ghanaba, Oyafunmike Ogunlano, Alexandra Duah, Nick Medley, Mutabaruka, Afemo Omilami, Reggie Carter, Mzuri"
"s9","Andy Devonshire","Mel Giedroyc, Sue Perkins, Mary Berry, Paul Hollywood"
"s10","Theodore Melfi","Melissa McCarthy, Chris O'Dowd, Kevin Kline, Timothy Olyphant, Daveed Diggs, Skyler Gisondo, Laura Harrier, Rosalind Chao, Kimberly Quinn, Loretta Devine, Ravi Kapoor"
"s11","null","null"
"s12","Kongkiat Komesiri","Sukollawat Kanarot, Sushar Manaying, Pavarit Mongkolpisit, Sahajak Boonthanakit, Suthipongse Thatphithakkul, Bhasaworn Bawronkirati, Daweerit Chullasapya, Waratthaya Wongchayaporn, Kittiphoom Wongpentak, Abhicha Thanachanun, Nophand Boonyai, Kittipong Khamsat, Arisara Wongchalee, Jaytiya Naiwattanakul, Pantipa Arunwattanachai, Panupan Jantanawong, Kungtap Saelim, Phumphat Chartsuriyakiat, Issara Veranitinunt, Keerati Sivakuae, Panjai Sirisuwan, Supranee Charoenpol, Suda Chuenban, Visaka Banhansupavat, Pitchatorn Santinatornkul"
"s13","Christian Schwochow","Luna Wedler, Jannis NiewÃ¶hner, Milan Peschel, Edin HasanoviÄ‡, Anna FialovÃ¡, Marlon Boess, Victor Boccard, Fleur Geffrier, Aziz Dyab, MÃ©lanie FouchÃ©, Elizaveta MaximovÃ¡"
"s14","Bruno Garotti","Klara Castanho, Lucca Picon, JÃºlia Gomes, Marcus Bessa, Kiria Malheiros, Fernanda Concon, Gabriel Lima, Caio Cabral, Leonardo Cidade, Jade Cardozo"
"s15","null","null"
"s16","null","Logan Browning, Brandon P. Bell, DeRon Horton, Antoinette Robertson, John Patrick Amedori, Ashley Blaine Featherson, Marque Richardson, Giancarlo Esposito"
"s17","Pedro de Echave GarcÃ­a, Pablo AzorÃ­n Williams","null"
"s18","null","Luis Ernesto Franco, Camila Sodi, Sergio Goyri, Samadhi Zendejas, Eduardo YÃ¡Ã±ez, Sonya Smith, Alejandro Camacho, Azela Robinson, Uriel del Toro, GÃ©raldine BazÃ¡n, Gabriela Roel, Marcus Ornellas"
"s19","Adam Salky","Freida Pinto, Logan Marshall-Green, Robert John Burke, Megan Elisabeth Kelly, Sarah Minnich, Hayes Hargrove, Mark Sivertsen, Brandon Fierro, Antonio Valles, Clint Obenchain"
"s20","null","Blanca SuÃ¡rez, IvÃ¡n Marcos, Ã“scar Casas, AdriÃ¡n Lastra, Francesc Garrido, Stefan Weinert, Julia MÃ¶ller, Alicia Chojnowski"
"s21","Olivier Megaton","null"
"s22","null","Engin Altan DÃ¼zyatan, Serdar GÃ¶khan, HÃ¼lya Darcan, Kaan TaÅŸaner, Esra BilgiÃ§, Osman Soykut, Serdar Deniz, Cengiz CoÅŸkun, Reshad Strik, Hande SubaÅŸÄ±"
"s23","K.S. Ravikumar","Kamal Hassan, Meena, Gemini Ganesan, Heera Rajgopal, Nassar, S.P. Balasubrahmanyam"
"s24","Alex Woo, Stanley Moore","Maisie Benson, Paul Killam, Kerry Gudjohnsen, AC Lim"
"s25","S. Shankar","Prashanth, Aishwarya Rai Bachchan, Sri Lakshmi, Nassar"
"s26","null","Brooke Satchwell"
"s27","Rajiv Menon","Arvind Swamy, Kajol, Prabhu Deva, Nassar, S.P. Balasubrahmanyam, Girish Karnad"
"s28","Dennis Dugan","Adam Sandler, Kevin James, Chris Rock, David Spade, Rob Schneider, Salma Hayek, Maria Bello, Maya Rudolph, Colin Quinn, Tim Meadows, Joyce Van Patten"
"s29","Scott Stewart","Keri Russell, Josh Hamilton, J.K. Simmons, Dakota Goyo, Kadan Rockett, L.J. Benet, Rich Hutchman, Myndy Crist, Annie Thurman, Jake Brennan"
"s30","Robert Luketic","Liam Hemsworth, Gary Oldman, Amber Heard, Harrison Ford, Lucas Till, Embeth Davidtz, Julian McMahon, Josh Holloway, Richard Dreyfuss, Angela Sarafyan"
"s31","Ashwiny Iyer Tiwari, Abhishek Chaubey, Saket Chaudhary","Abhishek Banerjee, Rinku Rajguru, Delzad Hiwale, Kunal Kapoor, Zoya Hussain, Nikhil Dwivedi, Palomi Ghosh"
"s32","null","Lauren Ash, Rory O'Malley, RuPaul Charles, Jill Talley, Ike Barinholtz, Jon Barinholtz, Matthew Craig, Bob Odenkirk, Mike Hagerty, Katie Rich, Chris Witaske"
"s33","null","Asa Butterfield, Gillian Anderson, Ncuti Gatwa, Emma Mackey, Connor Swindells, Kedar Williams-Stirling, Alistair Petrie"
"s34","null","Lee Jung-jae, Park Hae-soo, Wi Ha-jun, Oh Young-soo, Jung Ho-yeon, Heo Sung-tae, Kim Joo-ryoung, Tripathi Anupam, You Seong-joo, Lee You-mi"
"s35","null","Dami Lee, Jason Lee, Bommie Catherine Han, Jennifer Waescher, Nancy Kim"
"s36","Daniel Sandu","Adrian Titieni, Elena Purea, Judith State, Valeriu AndriuÈ›Äƒ, Tudor Smoleanu, Virgil Aioanei, Radu Botar, Petronela Grigorescu, Bogdan Nechifor, Cristian Bota"
"s37","CÃ©dric Jimenez","Gilles Lellouche, Karim Leklou, FranÃ§ois Civil, AdÃ¨le Exarchopoulos, Kenza Fortas, Cyril Lecomte, MichaÃ«l Abiteboul, Idir Azougli, Vincent Darmuzey, Jean-Yves Berteloot"
"s38","null","Antti PÃ¤Ã¤kkÃ¶nen, HeljÃ¤ Heikkinen, Lynne Guaglione, Pasi Ruohonen, Rauno Ahonen"
"s39","George Nolfi","Billy Magnussen, Ron Yuan, Qu Jingjing, Terry Chen, Vanness Wu, Jin Xing, Philip Ng, Xia Yu, Yu Xia"
"s40","null","Vatsal Dubey, Julie Tejwani, Rupa Bhimani, Jigna Bhardwaj, Rajesh Kava, Mousam, Swapnil"
"s41","null","Yuri Lowenthal, Kimberly Brooks, Antony Del Rio, Trevor Devall, Ben Diskin, Grey Griffin, David Kaye, Tom Kenny, Judy Alice Lee, Roger Craig Smith, Fred Tatasciore"
"s42","Steven Spielberg","Roy Scheider, Robert Shaw, Richard Dreyfuss, Lorraine Gary, Murray Hamilton, Carl Gottlieb, Jeffrey Kramer, Susan Backlinie, Jonathan Filley, Ted Grossman"
"s43","Jeannot Szwarc","Roy Scheider, Lorraine Gary, Murray Hamilton, Joseph Mascolo, Jeffrey Kramer, Collin Wilcox Paxton, Ann Dusenberry, Mark Gruner, Barry Coe, Susan French"
"s44","Joe Alves","Dennis Quaid, Bess Armstrong, Simon MacCorkindale, Louis Gossett Jr., John Putch, Lea Thompson, P.H. Moriarty, Dan Blasko, Liz Morris, Lisa Maurer"
"s45","Joseph Sargent","Lorraine Gary, Lance Guest, Mario Van Peebles, Karen Young, Michael Caine, Judith Barsi, Mitchell Anderson, Lynn Whitfield"
"s46","Tyler Greco","null"
"s47","Daniel Espinosa","Denzel Washington, Ryan Reynolds, Vera Farmiga, Brendan Gleeson, Sam Shepard, RubÃ©n Blades, Nora Arnezeder, Robert Patrick, Liam Cunningham, Joel Kinnaman"
"s48","Bunmi Ajakaiye","Osas Ighodaro, Ini Dima-Okojie, Kemi Lala Akindoju, Toni Tones, Ebenezer Eno, Eso Okolocha DIke, Patrick Diabuah, Karibi Fubara, Temisan Emmanuel, Timini Egbuson"
"s49","Antoine Fuqua","Denzel Washington, Ethan Hawke, Scott Glenn, Tom Berenger, Harris Yulin, Raymond J. Barry, Cliff Curtis, Dr. Dre, Snoop Dogg, Macy Gray, Eva Mendes"
"s50","null","Richard Mofe-Damijo, Dakore Akande, Bimbo Manuel, Blossom Chukwujekwu, Deyemi Okanlawon, Etim Effiong, Denola Grey, Duke Akintola, Eku Edewor, Ade Laoye, Anee Icha, Kevin Ushi, Jude Chukwuka, Amanda Afolabi"
"s51","null","Kashmira Irani, Chandan Anand, Dinesh Mehta, Ankit Arora, Pushkar Goggiaa, Anjali Rana, Aarya DharmChand Kumar, Amit Behl, Maleeka Ghai"
"s52","Toshiya Shinohara","Kappei Yamaguchi, Satsuki Yukino, Mieko Harada, Koji Tsujitani, Houko Kuwashima, Kumiko Watanabe, Noriko Hidaka, Kenichi Ogata, Toshiyuki Morikawa, Izumi Ogami"
"s53","Toshiya Shinohara","Kappei Yamaguchi, Satsuki Yukino, Koji Tsujitani, Houko Kuwashima, Kumiko Watanabe, Ken Narita, Akio Otsuka, Kikuko Inoue"
"s54","Toshiya Shinohara","Kappei Yamaguchi, Satsuki Yukino, Koji Tsujitani, Houko Kuwashima, Kumiko Watanabe, Noriko Hidaka, Ken Narita, Cho, Mamiko Noto, Nobutoshi Canna"
"s55","Toshiya Shinohara","Kappei Yamaguchi, Satsuki Yukino, Koji Tsujitani, Houko Kuwashima, Kumiko Watanabe, Kenichi Ogata, Noriko Hidaka, Hisako Kyoda, Ken Narita, Tomokazu Seki"
"s56","null","Nicole Byer, Jacques Torres"
"s57","Masahiko Murata","Junko Takeuchi, Chie Nakamura, Rikiya Koyama, Kazuhiko Inoue, Masaki Terasoma, Mie Sonozaki, Yuichi Nakamura, Kengo Kawanishi, Kosei Hirota, Masako Katsuki"
"s58","Hajime Kamegaki","Junko Takeuchi, Chie Nakamura, Noriaki Sugiyama, Unsho Ishizuka, Motoko Kumai, Kazuhiko Inoue, Rikiya Koyama, Showtaro Morikubo, Nana Mizuki, Satoshi Hino, Shinji Kawada"
"s59","Masahiko Murata","Junko Takeuchi, Chie Nakamura, Kazuhiko Inoue, Satoshi Hino, Showtaro Morikubo, Kentaro Ito, Ryoka Yuzuki, Kohsuke Toriumi, Nana Mizuki, Shinji Kawada, Yoichi Masukawa, Koichi Tochika, Yukari Tamura"
"s60","Hajime Kamegaki","Junko Takeuchi, Chie Nakamura, Yoichi Masukawa, Koichi Tochika, Ayumi Fujimura, Keisuke Oda, Daisuke Kishio, Fumiko Orikasa, Hidetoshi Nakamura, Tetsuya Kakihara, Kisho Taniyama, Miyuki Sawashiro, Katsuyuki Konishi, Masako Katsuki, Keiko Nemoto, Masashi Ebara, Kazuhiko Inoue, Showtaro Morikubo, Romi Park, Daisuke Ono, Seizo Kato"
"s61","Masahiko Murata","Junko Takeuchi, Chie Nakamura, Satoshi Hino, Rikiya Koyama, Nobuaki Fukuda, Kenji Hamada, Keiko Nemoto, Saori Hayami, Yumi Toma, Yuko Kobayashi, Fujiko Takimoto, Mutsumi Tamura, Mayuki Makiguchi, Toshiyuki Morikawa"
"s62","Hirotsugu Kawasaki","Junko Takeuchi, Gamon Kaai, Chie Nakamura, Showtaro Morikubo, Akira Ishida, Yasuyuki Kase, Urara Takano, Sachiko Kojima, Houko Kuwashima, Takako Honda"
"s63","Toshiyuki Tsuru","Junko Takeuchi, Chie Nakamura, Yoichi Masukawa, Kazuhiko Inoue, Akio Otsuka, Kyousuke Ikeda, Marika Hayashi, Umeji Sasaki, Masashi Sugawara, Hisao Egawa"
"s64","Tensai Okamura","Junko Takeuchi, Noriaki Sugiyama, Chie Nakamura, Kazuhiko Inoue, Yuhko Kaida, Tsutomu Isobe, Hirotaka Suzuoki, Jun Karasawa, Harii Kaneko, Ikuo Nishikawa"
"s65","David Yarovesky","Winslow Fegley, Lidya Jewett, Krysten Ritter"
"s66","null","Beth Chalmers, David Holt, Marcel McCalla, Teresa Gallagher"
"s67","null","null"
"s68","null","Mark-Paul Gosselaar, Tiffani Thiessen, Mario Lopez, Lark Voorhies, Elizabeth Berkley, Dustin Diamond, Dennis Haskins"
"s69","Hanns-Bruno KammertÃ¶ns, Vanessa NÃ¶cker, Michael Wech","Michael Schumacher"
"s70","null","null"
"s71","null","ItatÃ­ Cantoral"
"s72","David A. Vargas","Evan Spiridellis, Erin Fitzgerald, Jeff Gill, Fred Tatasciore, Evan Michael Lee, Jared Isaacman, Sian Proctor, Chris Sembroski, Hayley Arceneaux"
"s73","null","Jack Whitehall, Michael Whitehall"
"s74","Kemi Adetiba","Sola Sobowale, Adesua Etomi, Remilekun ""Reminisce"" Safaru, Tobechukwu ""iLLbliss"" Ejiofor, Toni Tones, Paul Sambo, Jide Kosoko, Sharon Ooja"
"s75","null","null"
"s76","Ben Simms","Bear Grylls, Jason Derek Prempeh"
"s77","null","Daiki Yamashita, Kohsuke Toriumi, Jun Fukushima, Hiroki Yasumoto, Showtaro Morikubo, Kentaro Ito, Daisuke Kishio, Yoshitsugu Matsuoka, Junichi Suwabe, Ayaka Suwa, Megumi Han, Tomoaki Maeno, Tsubasa Yonaga, Tetsuya Kakihara, Satoshi Hino, Hiroyuki Yoshino, Atsushi Abe, Koji Yusa, Kouki Miyata, Hiro Shimono, Wataru Hatano, Yuichi Nakamura, Kenji Nojima, Mamoru Miyano, Daisuke Ono, Yuma Uchida, Jun Fukuyama"
"s78","Prakash Satam","Sumriddhi Shukla, Jigna Bharadwaj, Sonal Kaushal, Neshma Chemburkar, Ganesh Divekar, Annamaya Verma, Anamay Verma, Manoj Pandey"
"s79","Delhiprasad Deenadayalan","Vijay Sethupathi, Parthiban, Raashi Khanna"
"s80","Delhiprasad Deenadayalan","Vijay Sethupathi, Parthiban, Raashi Khanna"
"s81","Tomer Eshed","Thomas Brodie-Sangster, Felicity Jones, Freddie Highmore, Patrick Stewart, Meera Syal, Sanjeev Bhaskar, Nonso Anozie"
"s82","Cedric Nicolas-Troyan","Mary Elizabeth Winstead, Jun Kunimura, Woody Harrelson, Tadanobu Asano, Miyavi, Michiel Huisman, Miku Martineau"
"s83","null","Tom Ellis, Lauren German, Kevin Alejandro, D.B. Woodside, Lesley-Ann Brandt, Scarlett Estevez, Rachael Harris, Aimee Garcia, Tricia Helfer, Tom Welling, Jeremiah W. Birkett, Pej Vahdat, Michael Gladis"
"s84","null","Jo Koy"
"s85","JJC Skillz, Funke Akindele","Funke Akindele, Ayo Makun, Chioma Chukwuka Akpotha, Yemi Eberechi Alade, Blossom Chukwujekwu, Deyemi Okanlawon, Alexx Ekubo, Zubby Michael, Tina Mba, Femi Jacobs"
"s86","null","Ikue Otani, Sarah Natochenny, Zeno Robinson, Cherami Leigh, James Carter Cathcart, Michele Knotz, Rodger Parsons, Ray Chase, Casey Mongillo, Tara Sands"
"s87","Thomas Sieben","David Kross, Hanno Koffler, Maria Ehrich, Robert Finster, Yung Ngo, Klaus Steinbacher, Livia Matthes, Nellie Thalbach"
"s88","null","Jeon Hae-ri, Kim Eun-ah, Hong Bum-ki, Nam Do-hyeong, Um Sang-hyun"
"s89","Marcus Clarke","Malcolm X, Muhammad Ali"
"s90","null","Julie Tejwani, Sabina Malik, Jigna Bhardwaj, Rupa Bhimani, Lalit Agarwal, Rajesh Shukla, Rajesh Kava"
"s91","Alice Waddington","Emma Roberts, Danielle Macdonald, Awkwafina, Eiza GonzÃ¡lez, Milla Jovovich, Jeremy Irvine, Arnaud Valois, Daniel Horvath"
"s92","Mona Achache, Patricia Tourancheau","null"
"s93","null","Pauline Etienne, Laurent Capelluto, Stefano Cassetti, Mehmet KurtuluÅŸ, Babetida Sadjo, Jan Bijvoet, Ksawery Szlenkier, Vincent Londez, Regina Bikkinina, Alba GaÃ¯a Kraghede Bellugi, Nabil Mallat"
"s94","Alexis AlmstrÃ¶m","Elsa Ã–hrn, Mustapha Aarab, Jonay Pineda Skallak, Magnus Krepper, Loreen, Albin Grenholm, Simon Mezher, Elsa BergstrÃ¶m Terent, Josef Kadim, Yohannes Frezgi"
"s95","Raja Gosnell","Will Arnett, Ludacris, Natasha Lyonne, Stanley Tucci, Jordin Sparks, Gabriel Iglesias, Shaquille O'Neal, Omar Chaparro, Alan Cumming, Andy Beckwith, Delia Sheppard, Kerry Shale"
"s96","null","Michelle Buteau"
"s97","Stephen Kijak","Ronnie Van Zandt, Gary Rossington, Allen Collins, Leon Wilkeson, Bob Burns, Billy Powell, Ed King, Artimus Pyle, Steve Gaines, Johnny Van Zant"
"s98","null","Jack Fisher, Tom Kenny, Amanda C. Miller, Kim Yarbrough, Keith Ferguson, Grey Griffin, Lily Rose Silver"
"s99","null","Antonio Aakeel, Chipo Chung, Simon Foster, Teresa Gallagher, Simon Greenall, Kate Harbour, Paul Panting, Rob Rackstraw, William Vanderpuye, Helen Walsh, Keith Wickham, Andres Williams, Jo Wyatt"
"s100","null","Julie Delpy, Elisabeth Shue, Sarah Jones, Alexia Landeau, Mathieu Demy, Troy Garity, Timm Sharp, Giovanni Ribisi"
"s101","null","Austin Abell, Travis Turner, Cole Howard, Anna Cummer, Jesse Inocalla, Brian Dobson, Michael Adamthwaite, Joseph Girgis, Caitlyn Bairstow"
"s102","Chapman Way, Maclain Way","null"
"s103","Jason Hehir","null"
"s104","Yemi Amodu","Jide Kosoko, Omotola Jalade-Ekeinde, Yemi Blaq, Sola Sobowale, Ken Erics, Toyin Aimakhu, Segun Arinze, Jibola Dabo, Rotimi Salami, Pa Jimi Solanke, Rachael Okonkwo, Bassey Okon, Lucien Morgan, Magdalena Korpas"
"s105","null","Robyn Slade, Kami Desilets"
"s106","Lijo Jose Pellissery","Antony Varghese, Reshma Rajan, Binny Rinky Benjamin, Vineeth Vishwam, Kichu Tellus, Sreekanth Dasan, Sarath Kumar, Tito Wilson, Anandhu, Bitto Davis, Sinoj Varghese"
"s107","null","Peyton List, Karan Brar, Skai Jackson, Miranda May, Kevin G. Quinn, Nathan Arenas, Nina Lu"
"s108","David de Vos","Mandy Grace, David de Vos, Donna Rusch, Devan Key, Isabella Mancuso, Ariana Guido"
"s109","null","Aubri Ibrag, Sana'a Shaik, Miah Madden, Mercy Cornwall, Georgia-May Davis, Ryan Harrison, Josh Heuston, Alexander Grant"
"s110","null","Ãšrsula CorberÃ³, Itziar ItuÃ±o, Ãlvaro Morte, Paco Tous, Enrique Arce, Pedro Alonso, MarÃ­a Pedraza, Alba Flores, Miguel HerrÃ¡n, Jaime Lorente, Esther Acebo, Darko Peric, Kiti MÃ¡nver"
"s111","Luis Alfaro, Javier GÃ³mez Santander","null"
"s112","null","Liam Mitchell, Dee Bradley Baker, Grey Griffin, Josh McDermitt, Kari Wahlgren, Judy Alice Lee, Ali Mawji"
"s113","Sara Colangelo","Michael Keaton, Stanley Tucci, Amy Ryan, Shunori Ramanathan, Ato Blankson-Wood, Tate Donovan, Laura Benanti, Chris Tardio"
"s114","Stephen Herek","Victoria Justice, Midori Francis, Robyn Scott, Adam Garcia, Timothy Renouf, Gloria Garcia, Myfanwy Waring, Spencer Sutherland"
"s115","Rahul Rawail","Madhuri Dixit, Shah Rukh Khan, Tinnu Anand, Johny Lever, Kalpana Iyer, Himani Shivpuri, Sudha Chandran, Beena, Kiran Kumar"
"s116","Jane Campion","Abbie Cornish, Ben Whishaw, Paul Schneider, Kerry Fox, Edie Martin, Thomas Brodie-Sangster, Claudie Blakley, Gerard Monaco, Antonia Campbell-Hughes, Samuel Roukin"
"s117","Nagesh Kukunoor","Krrish Chhabria, Hetal Gada, Vipin Sharma, Gulfam Khan, Suresh Menon, Vijay Maurya, Rajiv Lakshman, Ninad Kamat"
"s118","Luke Holland","null"
"s119","Shanker Raman","Akshay Oberoi, Pankaj Tripathi, Ragini Khanna, Aamir Bashir, Shalini Vatsa, Ashish Verma"
"s120","JP Habac","Janine Gutierrez, JC Santos, Victor Anastacio, Yesh Burce, Lotlot De Leon"
"s121","null","Jon Allen, Kellen Goff, Joe Hernandez, Kaiji Tang"
"s122","null","Lee Ji-eun, Yeo Jin-goo, Shin Jung-geun, Seo Yi-sook, Bae Hae-sun, Pyo Ji-hoon, Cho Hyun-chul, Kang Hong-suk, Lee Do-hyun, Lee Tae-seon, Kang Mina, Park You-na, Oh Ji-ho"
"s123","Jane Campion","Meg Ryan, Mark Ruffalo, Jennifer Jason Leigh, Nick Damici, Sharrieff Pugh, Kevin Bacon, Yaani King Mondschein, Heather Litteer"
"s124","null","null"
"s125","null","null"
"s126","null","Sean Hayes, Wanda Sykes, Laurie Metcalf, David Harbour, Gary Cole, Patti Harrison, Matt Rogers"
"s127","Vidhu Vinod Chopra","Aadil Khan, Sadia Khateeb, Zain Khan Durrani, Priyanshu Chatterjee, Bhavna Chauhan, Ashwin Dhar, Farid Azad Khan, Saghar Sehrai"
"s128","Mark Rosman","Hilary Duff, Chad Michael Murray, Jennifer Coolidge, Dan Byrd, Regina King, Julie Gonzalo, Lin Shaye, Madeline Zima, Andrea Avery, Mary Pat Gleason, Paul Rodriguez, Whip Hubley, Kevin Kilner, Erica Hubbard, Simon Helberg"
"s129","Gilles Paquet-Brenner","Glenn Close, Terence Stamp, Max Irons, Gillian Anderson, Christina Hendricks, Stefanie Martini, Julian Sands, Honor Kneafsey, Christian McKay, Amanda Abbington"
"s130","Lasse HallstrÃ¶m","Robert Redford, Jennifer Lopez, Morgan Freeman, Josh Lucas, Damian Lewis, Camryn Manheim, Becca Gardner, Lynda Boyd, Rob Hayter, P. Lynn Johnson"
"s131","Scott Pleydell-Pearce","America Young, Amber May, Giselle Fernandez, Alejandro Saab, Dinora Walcott"
"s132","Ridley Scott","Harrison Ford, Rutger Hauer, Sean Young, Edward James Olmos, M. Emmet Walsh, Daryl Hannah, William Sanderson, Brion James, Joe Turkel, Joanna Cassidy, James Hong, Morgan Paull"
"s133","null","Tseng Yun-fan, Kao Yun-shuo, Chiang Ching-yen, Meng Ching-fu, Huang Bai-wei, Ma Kuo-yao, Chen Yen-chun, Sun Ke-fang, Kai Yang-niu, Chen Yu-wen, Nick Liao, Lin Kai-ling, Mickey Huang, Liu Kuan-ting, Jiang Du-hui"
"s134","Neill Blomkamp","Sharlto Copley, Hugh Jackman, Sigourney Weaver, Dev Patel, Ninja, Yo-Landi Visser, Jose Pablo Cantillo, Brandon Auret, Johnny Selema, Maurice Carpede"
"s135","Phillip Noyce","Harrison Ford, Willem Dafoe, Anne Archer, Joaquim de Almeida, Henry Czerny, Harris Yulin, Donald Moffat, Miguel Sandoval, Benjamin Bratt, Dean Jones, Thora Birch, James Earl Jones, Raymond Cruz"
"s136","Renny Harlin","Sylvester Stallone, John Lithgow, Michael Rooker, Janine Turner, Rex Linn, Caroline Goodall, Leon, Craig Fairbrass, Ralph Waite, Max Perlich, Paul Winfield"
"s137","Anthony Minghella","Jude Law, Nicole Kidman, RenÃ©e Zellweger, Eileen Atkins, Brendan Gleeson, Philip Seymour Hoffman, Natalie Portman, Giovanni Ribisi, Donald Sutherland, Ray Winstone"
"s138","Simon Wincer","Paul Hogan, Linda Kozlowski, Jere Burns, Jonathan Banks, Aida Turturro, Alec Wilson, Gerry Skilton, Steve Rackman, Serge Cockburn, Paul Rodriguez, Mark Adair-Rios, Tiriel Mora, Grant Piro, Mike Tyson"
"s139","Lasse HallstrÃ¶m","Channing Tatum, Amanda Seyfried, Richard Jenkins, Henry Thomas, D.J. Cotrona, Cullen Moss, Gavin McCulley, Jose Lucena Jr., Keith Robinson, Scott Porter"
"s140","Spike Lee","Danny Aiello, Ossie Davis, Ruby Dee, Richard Edson, Giancarlo Esposito, Spike Lee, Bill Nunn, John Turturro, Paul Benjamin, Frankie Faison, Samuel L. Jackson, Rosie Perez, Martin Lawrence, Miguel Sandoval"
"s141","SebastiÃ¡n Schindel","JoaquÃ­n Furriel, Luis Ziembrowski, Guillermo Pfening, MÃ³nica Lairana, GermÃ¡n de Silva, Victoria Raposo, Andrea Garrote"
"s142","Steven C. Miller","Bruce Willis, Kellan Lutz, Gina Carano, D.B. Sweeney, Joshua Mikel, Steve Coulter, Dan Bilzerian, Heather Johansen"
"s143","Richard LaGravenese","Hilary Swank, Patrick Dempsey, Scott Glenn, Imelda Staunton, April L. Hernandez, Mario, Kristin Herrera, Jaclyn Ngan, Sergio Montalvo, Jason Finn, Deance Wyatt, Vanetta Smith"
"s233","null","Pat Sajak, Vanna White"
"s234","Mark Lo","null"
"s144","Martin Campbell","Ryan Reynolds, Blake Lively, Peter Sarsgaard, Mark Strong, Tim Robbins, Jay O. Sanders, Taika Waititi, Angela Bassett"
"s145","Reginald Hudlin","Christopher Reid, Christopher Martin, Robin Harris, Tisha Campbell, A.J. Johnson, Martin Lawrence, Paul Anthony, Bowlegged Lou, B-Fine, Edith Fields, Kelly Jo Minter, Clifton Powell, Verda Bridges"
"s146","George Jackson, Doug McHenry","Christopher Reid, Christopher Martin, Martin Lawrence, Bowlegged Lou, Paul Anthony, B-Fine, Tisha Campbell, Kamron, Iman, Queen Latifah"
"s147","Eric Meza","Christopher Reid, Christopher Martin, Tisha Campbell, David Edwards, Angela Means, Ketty Lester, Bernie Mac, Michael Colyar, Chris Tucker, Khandi Alexander"
"s148","null","null"
"s149","Gerhard Mostert","Hakeem Kae-Kazim, Chioma Omeruah, Orukotan Adejola, Flora Chiedo, Emeka Nwagbaraocha, Anthony Oseyemi, Oluwabukola Thomas, Soibifaa Dokubo"
"s150","Michael Martin","Master P, Anthony Johnson, Gretchen Palmer, Frantz Turner, Richard Keats, Joe Estevez, William Knight, Anthony Boswell, Tommy 'Tiny' Lister, Helen Martin, John Witherspoon, Mia X"
"s151","Michael Rymer","Omar Epps, LL Cool J, Nia Long, Stanley Tucci, Pam Grier, Hill Harper, Jake Weber, David Patrick Kelly, Veronica Webb, Ron Canada, Robert LaSardo, Gano Grills, Ivonne Coll, Don Harvey, Mya, Nasir 'Nas' Jones, Jermaine Dupri"
"s152","Andrew Lau Wai-keung, Alan Mak","Jay Chou, Anne Suzuki, Edison Chen, Anthony Wong Chau-sang, Shawn Yue, Chapman To, Jordan Chan, Kenny Bee"
"s153","Brett Weiner","Jai Brooks, Luke Brooks, James Yammouni, Daniel Sahyounie, Beau Brooks"
"s154","null","Lori Gardner, Kate Bristol, Billy Bob Thompson, Marc Thompson, Erica Schroeder"
"s155","null","Kensho Ono, Yuki Ono, Chiwa Saito, Yoshimasa Hosoya, Hirofumi Nojima, Kenji Hamada, Takuya Eguchi, Soichiro Hoshi, Tatsuhisa Suzuki, Go Inoue, Daisuke Ono, Ryohei Kimura, Junichi Suwabe, Kazuya Nakai, Fumiko Orikasa, Kenichi Suzumura, Kisho Taniyama, Hiroshi Kamiya"
"s156","Jim Henson","David Bowie, Jennifer Connelly, Frank Oz, Kevin Clash, Anthony Asbury, Dave Goelz, Brian Henson, Ron Mueck, Karen Prell, Shari Weiser"
"s157","Gary Winick","Amanda Seyfried, Christopher Egan, Gael GarcÃ­a Bernal, Vanessa Redgrave, Franco Nero, Luisa Ranieri, Marina Massironi, Milena Vukotic, Marcia DeBonis, Luisa De Santis, Lidia Biondi, Giordano Formenti, Chris Egan"
"s158","Danishka Esterhazy","Katie Douglas, Celina Martin, Peter Outerbridge, Sara Canning, Alexis Whelan, Amalia Williamson, Josette Halpert, Kiana Madeira"
"s159","Troy Byer","Nick Cannon, Christina Milian, Kenan Thompson, Kal Penn, Steve Harvey, Al Thompson, Ashley Monique Clark, Elimu Nelson, Nichole Robinson, Melissa Schuman"
"s160","Pang Ho-cheung","Miriam Chin Wah Yeung, Shawn Yue, Singh Hartihan Bitto, Isabel Chan, Cheung Tat-ming, Matt Chow, Chui Tien-you, Queenie Chu, Charmaine Fong, Vincent Kok"
"s161","null","Gerald McRaney, Shanna Reed, Nicole Dubuc, Chelsea Hertford, Marisa Ryan, Matt Mulhern, Beverly Archer, Jon Cypher"
"s162","Tim Burton","Jack Nicholson, Glenn Close, Annette Bening, Pierce Brosnan, Danny DeVito, Martin Short, Sarah Jessica Parker, Michael J. Fox, Rod Steiger, Tom Jones, Lukas Haas, Natalie Portman"
"s163","Reginald Hudlin","Chadwick Boseman, Josh Gad, Kate Hudson, Sterling K. Brown, Dan Stevens, James Cromwell, Keesha Sharp, Roger Guenveur Smith, Derrick Baskin, Barrett Doss"
"s164","David Zucker","Ashton Kutcher, Tara Reid, Jeffrey Tambor, Andy Richter, Michael Madsen, Jon Abrahams, David Koechner, Carmen Electra, Kenan Thompson, Terence Stamp, Molly Shannon"
"s165","Kinka Usher","Ben Stiller, Hank Azaria, William H. Macy, Janeane Garofalo, Kel Mitchell, Paul Reubens, Wes Studi, Greg Kinnear, Geoffrey Rush, Lena Olin, Eddie Izzard, Artie Lange, Pras, Claire Forlani, Tom Waits"
"s166","null","Patricio Contreras, Alejandro Goic, Sergio HernÃ¡ndez, Mariana Loyola Ruz, Alejandro Trejo, Daniel AlcaÃ­no Cuevas, NicolÃ¡s Poblete, Susana Hidalgo, Gloria MÃ¼nchmeyer"
"s167","Sergio Leone","Robert De Niro, James Woods, Elizabeth McGovern, Treat Williams, Tuesday Weld, Burt Young, Joe Pesci, Danny Aiello, William Forsythe, James Hayden"
"s168","Matthew O'Callaghan, Todd Wilderman","Joel McHale, Mike Epps, Jane Krakowski, Billy Connolly, Crispin Glover, Steve Schirripa, Georgia Engel, Diedrich Bader, Cody Cameron, Fred Stoller, Olivia Hack"
"s169","Bobby Farrelly, Peter Farrelly","Chris Rock, Laurence Fishburne, David Hyde Pierce, Brandy Norwood, William Shatner, Ron Howard, Kid Rock, Ben Stein"
"s170","Wolfgang Petersen","Josh Lucas, Kurt Russell, Jacinda Barrett, Richard Dreyfuss, Emmy Rossum, MÃ­a Maestro, Mike Vogel, Kevin Dillon, Freddy RodrÃ­guez"
"s171","Peter Spirer","Too $hort, B-Real, Kurtis Blow, Da Brat, Grandmaster Caz, Sean ""P. Diddy"" Combs, Chuck D., Desiree Densiti, Dr. Dre, E-40, MC Eiht, Heavy D, Lauryn Hill, Ice-T, Wyclef Jean, Ras Kass, KRS-One, L.V., Mack 10, Craig Mack, Method Man, Keith Murray, Nasir 'Nas' Jones, The Notorious B.I.G., Master P, Q-Tip, Raekwon, Redman, Senen Reyes, Busta Rhymes, RZA, DJ Scratch, Erick Sermon, Tupac Shakur, Adario Strange, Suave"
"s172","Michael Carney","Greg Kinnear, RenÃ©e Zellweger, Djimon Hounsou, Jon Voight, Olivia Holt"
"s173","Richard Linklater","Jack Black, Joan Cusack, Mike White, Sarah Silverman, Lee Wilkof, Kate McGregor-Stewart, Adam Pascal, Suzzanne Douglas, Miranda Cosgrove, Kevin Alexander Clark, Joey Gaydos Jr., Robert Tsai, Veronica Afflerbach, Jordan-Claire Green"
"s174","Amy Rice","Tyler Oakley"
"s175","Antoine Fuqua","Bruce Willis, Monica Bellucci, Cole Hauser, Eamonn Walker, Johnny Messner, Nick Chinlund, Charles Ingram, Paul Francis, Chad Smith, Tom Skerritt, Malick Bowens, Awaovieyi Agie"
"s176","Randal Kleiser","Brooke Shields, Christopher Atkins, Leo McKern, William Daniels, Elva Josephson, Glenn Kohan, Alan Hopgood, Gus Mercurio"
"s177","Michael Ritchie","Eddie Murphy, J.L. Reate, Charles Dance, Charlotte Lewis, Victor Wong, Randall Tex Cobb, James Hong, Shakti Chen, Tau Logo, Tiger Chung Lee"
"s178","J. Lee Thompson","Gregory Peck, David Niven, Anthony Quinn, Stanley Baker, Anthony Quayle, James Darren, Irene Papas, Gia Scala, James Robertson Justice, Richard Harris"
"s179","Evan Goldberg, Seth Rogen","James Franco, Seth Rogen, Lizzy Caplan, Randall Park, Diana Bang, Timothy Simons, Reese Alexander, James Yi"
"s180","Tom Shadyac","Eddie Murphy, Jada Pinkett Smith, James Coburn, Larry Miller, Dave Chappelle, John Ales, Patricia Wilson, Jamal Mixon"
"s181","Peter Segal","Eddie Murphy, Janet Jackson, Larry Miller, John Ales, Richard Gant, Anna Maria Horsford, Melinda McGraw, Jamal Mixon, Gabriel Williams, Chris Elliott"
"s182","null","null"
"s183","Malcolm D. Lee","Martin Lawrence, James Earl Jones, Joy Bryant, Margaret Avery, Mike Epps, Mo'Nique, Cedric the Entertainer, Nicole Ari Parker, Michael Clarke Duncan, Louis C.K."
"s235","null","null"
"s236","Crystal Moselle","null"
"s4012","Frank W Chen","Chien-Ming Wang"
"s184","Wolfgang Petersen","Clint Eastwood, John Malkovich, Rene Russo, Dylan McDermott, Gary Cole, Fred Thompson, John Mahoney, Gregory Alan Williams, Jim Curley, Sally Hughes"
"s185","null","Marie Kondo"
"s186","Chapman Way, Maclain Way","null"
"s187","null","Shin Min-a, Kim Seon-ho, Lee Sang-yi, Gong Min-jeung, Kim Young-ok, Cho Han-cheul, In Gyo-jin, Lee Bong-ryeon, Cha Cheong-hwa, Kang Hyung-suk"
"s188","null","Kenjiro Tsuda"
"s189","Ramzy Bedia, Ã‰ric Judor","Ramzy Bedia, Ã‰ric Judor, BenoÃ®t Magimel, Kristin Scott Thomas, Ã‰lodie Bouchez, Ã‰douard Baer, Fred Testot, Omar Sy"
"s190","null","Um Sang-hyun, Park Yoon-hee, Kang Shi-hyun, Hong Bum-ki, Kim Hyun-wook, Lee In-suk, Song Ha-rim"
"s191","Sharan Koppisetty","Satya Dev, Priyanka Jawalkar, Brahmaji"
"s192","Taylor Sheridan","Jeremy Renner, Elizabeth Olsen, Jon Bernthal, Gil Birmingham, Kelsey Asbille, Tantoo Cardinal, Teo Briones, Matthew Del Negro, Hugh Dillon, Julia Jones, James Jordan, Eric Lange, Martin Sensmeier, Mason Davis, Graham Greene"
"s193","Sachin Yardi","Mithun Chakraborty, Tusshar Kapoor, Anupam Kher, Rajpal Yadav, Raima Sen, Dilip Prabhavalkar, Sanjay Mishra"
"s194","null","Jung Hae-in, Koo Kyo-hwan, Kim Sung-kyun, Son Suk-ku"
"s195","null","Frank Ramirez, Patricia CastaÃ±eda, Chela del RÃ­o, Patrick Delmas, MarÃ­a JosÃ© MartÃ­nez, Robinson DÃ­az, Juan Ãngel, Guillermo Olarte, Constanza Duque, Marcela Carvajal"
"s196","Saurabh Kabra","Sanjay Dutt, Arjun Rampal, Malaika Arora, Aashish Chaudhary, Neha Uberoi, Urmila Matondkar, Manoj Joshi, Daya Shankar Pandey, Pushkar Jog, Kulbhushan Kharbanda"
"s197","Mark Waters","Addison Rae, Tanner Buchanan, Rachael Leigh Cook, Madison Pettis, Isabella Crovetti, Matthew Lillard, Peyton Meyer, Annie Jacob, Myra Molloy, Kourtney Kardashian"
"s198","null","Michael J. Woodard, Mary Lambert, Jonathan Van Ness, Haley Tju, Brett Gelman, Tony Hale, Vincent Rodriguez III, Annie Potts, Jessica Williams, Melissa VillaseÃ±or, Cathy Vu, Jennifer Coolidge, Flea"
"s199","Kemi Adetiba","Sola Sobowale, Toni Tones, Richard Mofe-Damijo, Efa Iwara, Titi Kuti, Tobechukwu ""iLLbliss"" Ejiofor, Remilekun ""Reminisce"" Safaru, Charles  ""Charly Boy"" Oputa, Nse Ikpe-Etim, Keppy Ekpenyong Bassey, Bimbo Manuel, Akin Lewis, Lord Frank, Osas Ighodaro, Taiwo Ajai-Lycett, Paul Sambo"
"s200","Partho Mitra","Aftab Shivdasani, Natassha, Dipannita Sharma, Himanshu Mallik, Vaidya Advai, Pushy Anand, Shama Deshpande, Rajendra Gupta"
"s201","Santram Varma","Sohail Khan, Isha Koppikar, Natassha, Rati Agnihotri, Vrajesh Hirjee, Divya Palat, Hiten Tejwani, Rajendranath Zutshi"
"s202","Anil V. Kumar, Anurag Basu","Tusshar Kapoor, Esha Deol, Natassha, Vrajesh Hirjee, Kusumit Sana, Rishi Kapoor, Moon Moon Sen, Johny Lever, Ashay Chitre, Jeetendra"
"s203","Sangeeth Sivan","Tusshar Kapoor, Riteish Deshmukh, Isha Koppikar, Neha Dhupia, Anupam Kher, Jay Sean"
"s204","Umesh Ghadge","Tusshar Kapoor, Aftab Shivdasani, Krishna Abhishek, Mandana Karimi, Shakti Kapoor, Darshan Jariwala, Sushmita Mukherjee, Meghna Naidu, Anand Kumar, Claudia Ciesla"
"s205","Sachin Yardi","Tusshar Kapoor, Riteish Deshmukh, Anupam Kher, Rohit Shetty, Neha Sharma, Chunky Pandey, Sarah-Jane Dias, Razak Khan, Kavin Dave"
"s206","David Dhawan","Govinda, Sushmita Sen, Rambha, Anupam Kher, Satish Kaushik, Sharad Kapoor, Kiran Kumar, Mohnish Bahl"
"s207","Dibakar Banerjee","Nushrat Bharucha, Anshuman Jha, Neha Chauhan, Rajkummar Rao, Arya Banerjee, Amit Sial, Herry Tangri"
"s208","Apoorva Lakhia","Vivek Oberoi, Zayed Khan, Shriya Saran, Nikitin Dheer, Shabbir Ahluwalia, Sunil Shetty, Shweta Bhardwaj"
"s209","Milan Luthria","Ajay Devgn, Emraan Hashmi, Kangana Ranaut, Prachi Desai, Randeep Hooda, Naved Aslam, Asif Basra, Avtar Gill"
"s210","Milan Luthria","Akshay Kumar, Imran Khan, Sonakshi Sinha, Sonali Bendre, Sarfaraz Khan, Mahesh Manjrekar, Abhimanyu Singh, Kurush Deboo, Pitobash, Chetan Hansraj"
"s211","Pawan Kripalani","Kainaz Motivala, Rajkummar Rao, Rajat Kaul, Janice, Shernaza, Mangala Ahire, Vinod Rawat"
"s212","Bhushan Patel","Sunny Leone, Saahil Prem, Parvin Dabas, Sandhya Mridul, Divya Dutta, Soniya Mehra, Kainaz Motivala, Karan Mehra"
"s213","null","Charlie Murphy, Ruth Bradley, Sarah Greene, Brian Gleeson, Michelle Fairley, Ian McElhinney, Michael Ford-FitzGerald, Paul Reid, Barry Ward, Tom Turner, Perdita Weeks, Andrew Simpson, Sophie Robinson"
"s214","null","King & Prince, Hey! Say! JUMP, KAT-TUN, NEWS, Kansai Johnny's Jr., Snow Man, Tomoyuki Yara, Travis Japan, Bi shonen, SixTONES, HiHi Jets, Kis-My-Ft2, Koichi Domoto"
"s215","Magnus Martens","Sam Heughan, Ruby Rose, Andy Serkis, Hannah John-Kamen, Tom Wilkinson, Tom Hopper, Noel Clarke, Anne Reid, Owain Yeoman, Jing Lusi, Ray Panthaki, Richard McCabe, Douglas Reith"
"s216","Apoorva Lakhia","Amitabh Bachchan, Sanjay Dutt, Sunil Shetty, Arbaaz Khan, Abhishek Bachchan, Vivek Oberoi, Tusshar Kapoor, Rohit Roy, Shabbir Ahluwalia, Dia Mirza, Amrita Singh, Neha Dhupia"
"s217","Raj Nidimoru, Krishna D.K.","Sendhil Ramamurthy, Tusshar Kapoor, Nikhil Dwivedi, Preeti Desai, Sundeep Kishan, Radhika Apte, Pitobash, Girija Oak, Alok Chaturvedi, Sudhir Chowdhary"
"s218","Milan Luthria","Vidya Balan, Emraan Hashmi, Tusshar Kapoor, Naseeruddin Shah, Rajesh Sharma, Imran Hasnee, Anju Mahendru"
"s219","null","null"
"s220","null","Takuma Terashima, Mikako Komatsu, Rie Kugimiya, Hiromichi Tezuka, Shiori Izawa, Shiki Aoki, Sayaka Ohara, Hochu Otsuka, Kikuko Inoue"
"s221","null","Loretta Devine, Tia Mowry-Hardrict, Anthony Alabi, Talia Jackson, Isaiah Russell-Bailey, Cameron J. Wright, Jordyn Raya James, Richard Roundtree"
"s222","Joshua RofÃ©","Bob Ross"
"s223","Brad Anderson","Zoe Kazan, Betty Gabriel, Adrian Grenier, Phoenix Raei, Abraham Lim, Jessica Collins, Camaron Engels, Jaylin Fletcher, Liz Alexander, Joyce Guy, Daniel Henshall, Ian Meadows, Jamie Timony, Steve Mouzakis, Becca Lish"
"s224","Mauricio Dias, Tatiana Villela","null"
"s225","null","null"
"s226","null","Maria Wawreniuk, Ignacy Liss, MichaÅ‚ Sikorski, Wojciech Dolatowski, Klaudia KoÅ›cista, Zuzanna Galewicz, Marta Nieradkiewicz, Sara Celler Jezierska, Pola KrÃ³l, Marcin Czarnik, Martyna Nowakowska"
"s227","null","Kathrine Thorborg Johansen, Elias Holmen SÃ¸rensen, AndrÃ© SÃ¸rum, Kim Fairchild, Sara Khorami, Terje StrÃ¸mdahl, Ã˜ystein RÃ¸ger, Marianne Jonger, Martin Karelius"
"s228","Angel Kristi Williams","Kofi Siriboe, Yootha Wong-Loi-Sing, Michael Ealy, Uzo Aduba"
"s229","Roger Donaldson","Pierce Brosnan, Luke Bracey, Olga Kurylenko, Eliza Taylor, Caterina Scorsone, Bill Smitrovich, Will Patton, Amila Terzimehic, Lazar Ristovski, Mediha Musliovic"
"s230","Christopher Alender","Brigitte Kali Canales, Andrea Cortes, Julia Vera, Sal Lopez"
"s231","Rush Sturges","null"
"s232","David Oyelowo","David Oyelowo, Rosario Dawson, Lonnie Chavis, Amiah Miller, Alfred Molina, Maria Bello"
"s237","Rathindran R Prasad","Aishwarya Rajesh, Vidhu, Surya Ganapathy, Madhuri, Pavel Navageethan, Avantika Vandanapu"
"s238","Rathindran R Prasad","Aishwarya Rajesh, Vidhu, Surya Ganapathy, Madhuri, Pavel Navageethan, Avantika Vandanapu"
"s239","Rathindran R Prasad","Aishwarya Rajesh, Vidhu, Surya Ganapathy, Madhuri, Pavel Navageethan, Avantika Vandanapu"
"s240","Rathindran R Prasad","Aishwarya Rajesh, Vidhu, Surya Ganapathy, Madhuri, Pavel Navageethan, Avantika Vandanapu"
"s241","Han Kwang Il","Theo James, Mary McDonnell, Lara Pulver, Graham McTavish, Tom Canton, David Errigo Jr, Jennifer Hale, Kari Wahlgren, Matt Yang King, Darryl Kurylo, Keith Ferguson"
"s242","null","Melissa Roxburgh, Josh Dallas, Athena Karkanis, J.R. Ramirez, Luna Blaise, Jack Messina, Parveen Kaur"
"s243","null","null"
"s244","null","LucÃ­a Uribe, Flavio Medina, Isabella Vazquez Morales, Pierre Louis, Mercedes HernÃ¡ndez"
"s245","Karim El Shenawy","Ahmed El Fishawy, Ruby, Mohamed Mamdouh, Ahmed Malek, Asmaa Abulyazeid, Samy Maghawry, Safaa El-Toukhy, Ahmed Kamal, Arfa Abdel Rassoul, Hana Shiha"
"s246","null","Paik Jong-won"
"s247","Yin Chen-hao","Roy Chiu, Ann Hsu, Tsai Chen-nan, Chung Hsin-ling, Lan Wei-hua, Peace Yang, Huang Lu Tz-yin"
"s248","Brian Andrew Mendoza","Jason Momoa, Isabela Merced, Manuel Garcia-Rulfo, Amy Brenneman, Adria Arjona, Raza Jaffrey, Justin Bartha, Lex Scott Davis, Michael Raymond-James"
"s249","null","Sandra Oh, Jay Duplass, Holland Taylor, David Morse, Bob Balaban, Nana Mensah, Everly Carganilla"
"s250","Dave Needham","Asher Bishop, David Tennant, Michelle Gomez, Jill Talley, Brian Stepanek, Catherine Taber, Liliana Mumy, Nika Futterman, Cristina Pucelli, Jessica DiCicco, Grey Griffin, Lara Jill Miller"
"s251","Veronica Velasco","Paolo Contis, Yen Santos, Hans TÃ³rgarÃ°, Ruby Ruiz, Zweden Obias, Maria Rianne Castro, Arianne Mavis Uera, Maricor Canlas"
"s252","Drake Doremus","Anton Yelchin, Felicity Jones, Jennifer Lawrence, Charlie Bewley, Alex Kingston, Oliver Muirhead, Finola Hughes, Chris Messina, Ben York Jones, Jamie Thomas King"
"s253","Miguel Alexandre","Philip Froissant, Alice Dwyer, Hanns Zischler, Mercedes MÃ¼ller, Sammy Scheuritzel, Lieselotte VoÃŸ, Katharina SchÃ¼tz, Jodie Leslie Ahlborn, Marco Wittorf, Ilknur Boyraz"
"s254","Mani Ratnam","Arvind Swamy, Manisha Koirala, Nasser, Raja Krishnamoorthy"
"s255","null","Alan C. Lim, Paul Killam, Maisie Benson, Kerry Gudjohnsen, Smith Foreman, Neena-Sinaii Simpo, Eli Morse, Adelaide Hirasaki, Jim Capobianco, Anna Chambers, Pfifer Chastain"
"s256","Michael Harte","null"
"s257","Tosin Igho","Idia Aisien, Ndidi Obi, Kenneth Okolie, Zack Orji, Bovi Ugboma, Bimbo Ademoye, Beverly Osu, Beverly Naya, Larry Gaaga, Shaffy Bello, Chioma Chukwuka Akpotha, Waje"
"s258","Mani Ratnam","Dulquer Salmaan, Nithya Menon, Prakash Raj, Leela Samson, Vinodhini, Ramya Subramanian, Siva Ananth, John Devasahayam, Prabhu Lakshman"
"s259","Alice Filippi","Ludovica Francesconi, Giuseppe Maggio, Gaja Masciale, Jozef Gjura, Eleonora Gaggero, Franco Ravera, Elisabetta Coraini, Michele Franco, Edoardo Rossi"
"s260","Paakhi Tyrewala","Anmol Limbu, Ishika Gurung, Manju Chettri, Banita Lagun, Binod Pradhan, Mahindra Bajgai, Rupa Tamang, Saran Rai"
"s261","null","Taylor Kitsch, Nina Hoss, Logan Marshall-Green, Michael C. Hall, Tuppence Middleton, Mala Emde, Maximilian Ehrenreich, Sebastian Koch, Anne Ratte-Polle, Lena DÃ¶rrie, Benjamin Sadler"
"s262","Bruno Garotti","Larissa Manoela, Thati Lopes, Bruno Montaleone, David Sherod James, Maiara Walsh, FlÃ¡via Garrafa, Kathy-Ann Hart, Ray Faiola, Noa Graham"
"s263","Laura Brownson","null"
"s264","null","null"
"s265","Steve Brill","Elizabeth Banks, James Marsden, Gillian Jacobs, Sarah Wright, Ethan Suplee, Bill Burr, Ken Davitian, Lawrence Gilliard Jr., Alphonso Mcauley, Da'Vone McDonald, John Marsden, Willie Garson, Oliver Hudson, P.J. Byrne"
"s266","null","Kaito Ishikawa, Asami Seto, Nao Toyama, Atsumi Tanezaki, Maaya Uchida, Yurika Kubo, Inori Minase"
"s267","null","null"
"s268","Jane Campion","Holly Hunter, Harvey Keitel, Sam Neill, Anna Paquin, Kerry Walker, Genevieve Lemon, Tungia Baker, Ian Mune"
"s269","Moses Inwang","Matilda Lambert, Ik Ogbonna, Prince Sontoye, Blossom Chukwujekwu, Linda Osifo, Emem Inwang, Pete Edochie, Shaffy Bello, Okon Imeh  Bishop, Chinenye Nnebe, Femi Adebayo"
"s270","null","Liza Jacqueline, Helena Evangeliou, Lisa Ortiz, Kerry Williams, Gregory Abbey, Dan Green, Michael Sinterniklaas, Suzy Myers, Christina Rodriguez, Dani Schaffel, Sebastian Arcelus, Rachael Lillis"
"s271","Ferdinando Cito Filomarino","John David Washington, Boyd Holbrook, Alicia Vikander, Vicky Krieps, Lena Kitsopoulou, Panos Koronis, Maria Votti"
"s272","null","Rosa Salazar, Eric Lange, Catherine Keener, Jeff Ward, Manny Jacinto, Hannah Levien, Patrick Fischler"
"s273","null","Tyler Posey, Charlet Chung, Jorge Diaz, Camille Ramsey, Luke Youngblood, RenÃ©e Elise Goldsberry"
"s274","Juan Carlos Medina","Finnegan Oldfield, Nicolas Duvauchelle, Guillaume Gouix, Garance Marillier, Nailia Harzoune"
"s275","null","Jane Fonda, Lily Tomlin, Martin Sheen, Sam Waterston, June Diane Raphael, Brooklyn Decker, Ethan Embry, Baron Vaughn"
"s276","null","Chino DarÃ­n, Nancy DuplÃ¡a, JoaquÃ­n Furriel, Peter Lanzani, Mercedes MorÃ¡n, Diego Peretti, Vera Spinetta, Nico GarcÃ­a Hume, Victoria Almeida, Santiago Korovsky, Patricio Aramburu, Alfonso Tort, Diego Gentile, NÃ©stor Guzzini, Daniel Kuzniecka"
"s277","Inma Torrente","Diana GÃ³mez, Silma LÃ³pez, Paula Malia, Teresa Riott, Maxi Iglesias, Ibrahim Al Shami"
"s278","null","Andria Tayeh, Rakeen Sa'ad, Noor Taher, Yara Mustafa, Joanna Arida, Salsabiela, Nadera Emran, Reem Saadeh"
"s279","JuliÃ¡n Gaviria","Lokillo Florez"
"s280","Steven Yamamoto","Ben Rausch, Erica Lindbeck, Dante Basco, Brando Eaton, Stephen Kramer Glickman, Caroline Caliston, G.K. Bowes, Dan McCoy"
"s281","null","null"
"s282","Charles Uwagbai","Mike Ezuruonye, Juliet Ochienge, Angela Okorie, Huddah Monroe, Catherine Kamau, Naomi Mburu, Derrick Aduwo, Chris Kamau, Abubakar Salum, Celebrity Landlord"
"s283","JuliÃ¡n HernÃ¡ndez","Ximena Romo, Mabel Cadena, Alejandra Herrera, Nelly GonzÃ¡lez, Samantha Orozco, Axel Arenas, Esteban Caicedo, Paulina Goto, Raquel Robles, Baby BÃ¡tiz, Pascacio LÃ³pez, JuÃ¡n Carlos Torres, Javier OlivÃ¡n, Claudia Lobo, Giovanna ZacarÃ­as"
"s284","Sam Hobkinson","null"
"s285","Vince Marcello","Joey King, Joel Courtney, Jacob Elordi, Molly Ringwald, Taylor Zakhar Perez, Maisie Richardson-Sellers, Meganne Young, Stephen Jennings"
"s286","Jonathan Teplitzky","Colin Firth, Nicole Kidman, Jeremy Irvine, Stellan SkarsgÃ¥rd, Sam Reid, Hiroyuki Sanada, Michael MacKenzie, Tom Stokes"
"s332","null","Yusuke Kobayashi, Reina Ueda, Nichika Omori, Taku Yashiro, Yumiri Hanamori, Ai Kayano, Takehito Koyasu, Yoshitsugu Matsuoka"
"s287","null","Laila Lockhart Kraner, Tucker Chandler, Juliet Donenfeld, Maggi Lowe, Donovan Patton, Eduardo Franco, Tara Strong, Secunda Wood, Carla Tassara, Sainty Nelsen"
"s288","Sakon Tiacharoen","Khemanit Jamikorn, Thitipoom Techaapaikhun, Kannaporn Puangthong, Premmanat Suwannanon, Mintita Wattanakul, Thames Sanpakit, Katareeya Theapchatri, Phanuroj Chalermkijporntavee, Jirapisit Jaravijit"
"s289","null","Amparo Grisales, Fernando SolÃ³rzano, Angelica Blandon, Katherine Escobar, Yuly Ferreira, Alejandra Sandoval, Andrea GÃ³mez, Andrea GuzmÃ¡n, Diego VÃ¡squez, JuliÃ¡n RomÃ¡n, Juan Pablo Franco"
"s290","null","Yeo Jin-goo, Lee Se-young, Kim Sang-kyung, Jung Hye-young, Jang Kwang, Kwon Hae-hyo, Jang Yeong-nam, Lee Kyu-han"
"s291","Floyd Russ","null"
"s292","null","Yoko Hikasa, Katsuyuki Konishi, Megumi Hayashibara, Inuko Inuyama, Romi Park, Kosuke Takaguchi, Masahiko Tanaka, Wataru Takagi, Yuji Ueda, Megumi Nakajima, Takehito Koyasu, Yoko Soumi, Motoko Kumai, Yui Horie, Yuichi Nakamura, Nana Mizuki, Takumu Miyazono, Noriaki Kanze, Michiko Neya, Toru Sakurai, Rina Hidaka, Masakazu Morita, Minami Takayama"
"s293","Dustin Hoffman","Maggie Smith, Tom Courtenay, Billy Connolly, Pauline Collins, Michael Gambon, Andrew Sachs, Sheridan Smith, David Ryall, Trevor Peacock, Gwyneth Jones"
"s294","Adze Ugah","Enhle Mbali, Ramsey Nouah, Dawn Thandeka Kang, Idris Sultan, Tumi Morake, Trevor Gumbi, Lillian Dube, Kaly Bossy Asante, Shaleen Surtie, Fabian Lojege"
"s295","Hideaki Takizawa","Hikaru Iwamoto, Tatsuya Fukazawa, Raul, Shota Watanabe, Koji Mukai, Ryohei Abe, Ren Meguro, Ryota Miyadate, Daisuke Sakuma, Arata Sato, Tatsuya Kageyama, Taiga Suzuki, Shunsuke Motoi, Taiga Tsubaki, Yuki Yokohara, Minato Matsui, Shosei Oda"
"s296","Quoc Bao Tran","Alain Uy, Ron Yuan, Mykel Shannon Jenkins, Jae Suh Park, Matthew Page, Joziah Lagonoy, Raymond Ma"
"s297","null","Lior Raz, Kaelen Ohm, Sanaa Lathan, Moran Rosenblatt, Lior Ashkenazi, Gregg Henry, Gal Toren"
"s298","Bejoy Nambiar, Priyadarshan, Karthik Narain, Vasanth Sai, Karthik Subbaraj, Arvind Swamy, Rathindran R Prasad, Sarjun, Gautham Vasudev Menon","Suriya, Vijay Sethupathi, Revathy, Prakash Raj, Siddarth, Parvathy, Delhi Ganesh, Gautham Vasudev Menon, Anjali, Yogi Babu, Aditi Balan, Remya Nambeesan, Poorna, Prayaga Martin, Rythvika Suriya, Arvind Swamy, Prasanna, Atharva, Bobby Simha, Ashok Selvan, Nedumudi Venu, Kishore"
"s299","Kayode Kasum","Falz, Nse Ikpe-Etim, Williams Uchemba, Toni Tones, Michelle Dede, Karibi Fubara, Buchi Ojei, Jemima Osunde, Blossom Chukwujekwu, Gbubemi Ejeye, Badmus Olakunle"
"s300","Just Philippot","Suliane Brahim, Sofian Khammes, Marie Narbonne, RaphaÃ«l Romand, StÃ©phan Castang, Victor Bonnel, Christian Bouillette, Renan PrÃ©vot, Vincent Deniard"
"s301","Kirk DeMicco, Brandon Jeffords","Lin-Manuel Miranda, Ynairaly Simo, Zoe Saldana, Juan de Marcos, Brian Tyree Henry, Gloria Estefan, Michael Rooker, Nicole Byer"
"s302","Rohit Shetty","Shah Rukh Khan, Deepika Padukone, Nikitin Dheer, Satyaraj, Kamini Kaushal, Lekh Tandon, Mukesh Tiwari"
"s303","Cavi Borges, Luciano Vidigal","null"
"s304","Alejandro Doria","Luis Brandoni, China Zorrilla, Antonio Gasalla, Julio De Grazia, Betiana Blum, Monica Villa, Juan Manuel Tenuta, Andrea Tenuta, Cecilia Rossetto, Enrique Pinti"
"s305","Laura Fairrie","Jackie Collins"
"s306","Marcelo PiÃ±eyro","FernÃ¡n MirÃ¡s, Cecilia Dopazo, Imanol Arias, HÃ©ctor Alterio, Leonardo Sbaraglia, Federico D'ElÃ­a, David Masajnik, Cristina Banegas, Ernesto Alterio, Antonio Birabent"
"s307","Izu Ojukwu","Ramsey Nouah, Rita Dominic, Chidi Mokeme, Ibinabo Fiberesima, Daniel K. Daniel, Memry Savanhu, Adonijah Owiriwa, Pat Nebo, Nelly Ekwereogu, Shuaibu Ebenesi Adams, Debo Oguns, Ben Nwosu, Ada Ofoegbu"
"s308","Peter Winther","Ashley Greene, Shawn Ashmore, Sharif Atkins, Britt Baron, Diana Hopper, Ross McCall, Jamie Kaler, Travis Coles, Susan Walters, Jason Liles"
"s309","Susan Lacy","David Geffen"
"s310","null","Mark Towle, Shawn Pilot, Constance Nunes, Tony Quinones, Mike ""Caveman"" Pyle"
"s311","Billy Corben","null"
"s312","null","Ana Valeria Becerril, Michael Ronda, Yankel Stevan, Zion Moreno, Luis Curiel, Samantha AcuÃ±a, Macarena GarcÃ­a, Fiona Palomo, AndrÃ©s Baida, Patricio Gallardo, IvÃ¡n AragÃ³n, Xabiani Ponce de LeÃ³n, Patricia Maqueo, Rodrigo Cachero, RocÃ­o Verdejo, Mauro SÃ¡nchez Navarro, Lidia San JosÃ©, Thanya LÃ³pez, Renata del Castillo, Arturo Barba, Kariam Castro, Ariana Saavedra, Alexander Holtmann, Nastassia Villasana, Marco Zunino"
"s313","null","Paris Hilton"
"s314","null","Ady An, Vanness Wu, Ann Hsu, Wu Kang-ren, Xiao Xiao Bin"
"s315","James Mangold","Pruitt Taylor Vince, Shelley Winters, Liv Tyler, Debbie Harry, Evan Dando, Joe Grifasi, David Patrick Kelly, Marian Quinn"
"s316","Chineze Anyaene","Genevieve Nnaji, Omotola Jalade-Ekeinde, Odalys Garcia, Ulrich Que, Jeff Swarthout, Clem Ohameze, Ann D. Carey, Anahit Setian, Danielle Soibelman, Jon Morgan Woodward"
"s317","Hsu Fu-chun","Roy Chiu, Alice Ko, Tia Lee, Patrick Lee, Kuo Shu-yao, James Wen, Janel Tsai"
"s318","Kristine Stolakis","null"
"s319","Eva MÃ¼ller, Michael Schmitt","Maximilian Schmidt"
"s320","null","Joe Chen, Ming Dao, Sam Wang, Joyce Chao, Gino, Su Li-hsin, Wang Chuan, Ehlo Huang"
"s321","null","null"
"s322","null","Weber Yang, Lin Yo-Wei, Megan Lai, Amanda Chou, Lucia Xie, Cherry Leung"
"s323","null","Joe Chen, Ethan Juan, Baron Chen, Bianca Bai, Na Wei-hsun, Tan Ai-Chen"
"s324","null","Tina Fey, Alec Baldwin, Tracy Morgan, Jane Krakowski, Jack McBrayer, Scott Adsit, Judah Friedlander, Katrina Bowden, Keith Powell, Lonny Ross, John Lutz, Kevin Brown, Grizz Chapman, Maulik Pancholy"
"s325","null","Sarah Natochenny, Suzy Myers, Simona Berman, Erica Schroeder, Marca Leigh, Scottie Ray, Henry F. Benjamin"
"s326","Brian Levant","Charles Grodin, Bonnie Hunt, Dean Jones, Oliver Platt, Stanley Tucci, Nicholle Tom, Christopher Castile, Sarah Rose Karr, David Duchovny, Patricia Heaton, O-Lan Jones, Nancy Fish"
"s327","Rod Daniel","Charles Grodin, Bonnie Hunt, Nicholle Tom, Christopher Castile, Sarah Rose Karr, Debi Mazar, Chris Penn"
"s328","Robert Zemeckis","Ray Winstone, Anthony Hopkins, John Malkovich, Angelina Jolie, Robin Wright, Brendan Gleeson, Crispin Glover, Alison Lohman, Sharisse Baker-Bernard"
"s329","Todor Chapkanov","Scott Adkins, Teodora Duhovnikova, Alon Aboutboul, Julian Vergov, Brahim Achabbakhe, Paul Chahidi, Petio Petkov, Valentin Ganev, Vlado Mihailov"
"s330","Steven Spielberg","Leonardo DiCaprio, Tom Hanks, Christopher Walken, Martin Sheen, Nathalie Baye, Amy Adams, James Brolin, Brian Howe, Frank John Hughes, Steve Eastin"
"s331","Phil Lord, Christopher Miller","Bill Hader, Anna Faris, James Caan, Andy Samberg, Bruce Campbell, Mr. T, Bobb'e J. Thompson, Benjamin Bratt, Neil Patrick Harris, Al Roker"
"s634","Sofie Å ustkovÃ¡","VladimÃ­r PolÃ­vka, JenovÃ©fa BokovÃ¡, MatyÃ¡Å¡ Å˜eznÃ­Äek"
"s333","Renny Harlin","Thomas Jane, Saffron Burrows, Samuel L. Jackson, Jacqueline McKenzie, Michael Rapaport, Stellan SkarsgÃ¥rd, LL Cool J, Aida Turturro, Cristos, Daniel Rey"
"s334","John Hughes","Matthew Broderick, Alan Ruck, Mia Sara, Jeffrey Jones, Jennifer Grey, Cindy Pickett, Lyman Ward, Edie McClurg, Charlie Sheen, Kristy Swanson, Ben Stein, Del Close"
"s335","Justin Baldoni","Haley Lu Richardson, Cole Sprouse, MoisÃ©s Arias, Kimberly HÃ©bert Gregory, Parminder Nagra, Claire Forlani, Emily Baldoni, Gary Weeks, Cynthia Evans"
"s336","Joe Roth","Samuel L. Jackson, Julianne Moore, Edie Falco, Ron Eldard, William Forsythe, Aunjanue Ellis, Anthony Mackie, LaTanya Richardson Jackson, Clarke Peters, Peter Friedman, Domenick Lombardozzi"
"s337","null","Kyle Chandler, Connie Britton, Aimee Teegarden, Taylor Kitsch, Jesse Plemons, Minka Kelly, Zach Gilford, Adrianne Palicki, Derek Phillips, Brad Leland, Gaius Charles, Timothy F. Crowley, Louanne Stephens, Stacey Oristano, Scott Porter"
"s338","Mark Helfrich","Dane Cook, Jessica Alba, Dan Fogler, Ellia English, Sasha Pieterse, Annie Wood, Lonny Ross, Chelan Simmons, Simone Bailly, Jodelle Ferland, Crystal Lowe, Troy Gentile, Georgia Craig, Michelle Harrison, Chiara Zanni"
"s339","null","Megumi Han, Mariya Ise, Keiji Fujiwara, Miyuki Sawashiro, Daisuke Namikawa"
"s340","Mag Hsu, Hsu Chih-yen","Wu Kang-ren, Eve Ai, Fu Meng-po, Lin Mei-hsiu, 9m88"
"s341","Christopher Nolan","Leonardo DiCaprio, Joseph Gordon-Levitt, Elliot Page, Tom Hardy, Ken Watanabe, Dileep Rao, Cillian Murphy, Tom Berenger, Marion Cotillard, Pete Postlethwaite, Michael Caine, Lukas Haas"
"s342","Paul Thomas Anderson","John C. Reilly, Philip Baker Hall, Tom Cruise, Julianne Moore, Philip Seymour Hoffman, William H. Macy, Jeremy Blackman, Jason Robards, Melinda Dillon, April Grace, Luis GuzmÃ¡n, Ricky Jay, Alfred Molina, Michael Murphy, Melora Walters"
"s343","Nick Castle","Damon Wayans, Karyn Parsons, William Hickey, Michael Ironside, Albert Hall, Ross Bickell, Orlando Brown, Peyton Chesson-Fohl, Steven Martini"
"s344","Howard Zieff","Dan Aykroyd, Jamie Lee Curtis, Macaulay Culkin, Anna Chlumsky, Richard Masur, Griffin Dunne, Ann Nelson, Peter Michael Goetz, Jane Hallaren, Anthony R. Jones"
"s345","Howard Zieff","Anna Chlumsky, Austin O'Brien, Dan Aykroyd, Jamie Lee Curtis, Richard Masur, Christine Ebersole, Angeline Ball"
"s346","David Feiss","William Townsend, Donny Lucas, Melissa Sturm, Trevor Devall, Brian Drummond, Kathleen Barr, Garry Chalk, Lee Tockar, Shannon Chan-Kent, Michelle Murdocca, Lorne Cardinal, Peter Kelamis"
"s347","David Gordon Green","Seth Rogen, James Franco, Danny McBride, Kevin Corrigan, Craig Robinson, Gary Cole, Rosie Perez, Ed Begley Jr., Nora Dunn, Amber Heard"
"s348","Jorge Blanco","Justin Long, Dwayne Johnson, Gary Oldman, Seann William Scott, Jessica Biel, John Cleese, Freddie Benedict"
"s349","Zara Hayes","Diane Keaton, Jacki Weaver, Pam Grier, Rhea Perlman, Celia Weston, Alisha Boe, Charlie Tahan"
"s350","Gary Ross","Tobey Maguire, Jeff Bridges, Chris Cooper, Elizabeth Banks, Gary Stevens, William H. Macy, David McCullough, Kingston DuCoeur, Eddie Jones, Ed Lauter, Michael O'Neill, Michael Angarano, Royce D. Applegate, Annie Corley, Valerie Mahaffey"
"s351","Clint Eastwood","Clint Eastwood, Tommy Lee Jones, Donald Sutherland, James Garner, James Cromwell, Marcia Gay Harden, William Devane, Loren Dean, Courtney B. Vance, Rade Serbedzija, Barbara Babcock, Blair Brown"
"s352","Trey Parker","Trey Parker, Matt Stone, Kristen Miller, Masasa Moyo, Daran Norris, Phil Hendrie, Maurice LaMarche, Chelsea Magritte, Jeremy Shada, Fred Tatasciore"
"s353","Kelly Fremon Craig","Hailee Steinfeld, Woody Harrelson, Kyra Sedgwick, Haley Lu Richardson, Blake Jenner, Hayden Szeto, Alexander Calvert, Eric Keenleyside"
"s354","Tom Elkins","Abigail Spencer, Chad Michael Murray, Katee Sackhoff, Emily Alyn Lind, Cicely Tyson, Andrea Frankle, Brad James, Lance E. Nichols"
"s355","Tony Scott","Bruce Willis, Damon Wayans, Chelsea Field, Noble Willingham, Taylor Negron, Danielle Harris, Halle Berry, Bruce McGill"
"s356","Brad Furman","Matthew McConaughey, Josh Lucas, Ryan Phillippe, John Leguizamo, Michael PeÃ±a, Bryan Cranston, Bob Gunton, William H. Macy, Marisa Tomei, Frances Fisher"
"s357","Sylvain White","Jeffrey Dean Morgan, Zoe Saldana, Chris Evans, Idris Elba, Columbus Short, Ã“scar Jaenada, Jason Patric, Holt McCallany, Peter Macdissi, Peter Francis James"
"s358","Brad Anderson","Christian Bale, Jennifer Jason Leigh, Aitana SÃ¡nchez-GijÃ³n, John Sharian, Michael Ironside, Lawrence Gilliard Jr., Reg E. Cathey, Anna Massey, Matthew Romero, Robert Long, Colin Stinton, Craig Stevenson"
"s359","Irwin Winkler","Sandra Bullock, Jeremy Northam, Dennis Miller, Diane Baker, Wendy Gazelle, Ken Howard, Ray McKinnon, Daniel Schorr, L. Scott Caldwell, Robert Gossett"
"s360","Spike Lee","Steve Harvey, D.L. Hughley, Cedric the Entertainer, Bernie Mac"
"s361","Garry Marshall","Jessica Alba, Kathy Bates, Jessica Biel, Bradley Cooper, Eric Dane, Patrick Dempsey, Hector Elizondo, Jamie Foxx, Jennifer Garner, Topher Grace, Anne Hathaway, Ashton Kutcher, Queen Latifah, Taylor Lautner, George Lopez, Shirley MacLaine, Emma Roberts, Julia Roberts, Taylor Swift"
"s362","null","Madeleine Mantock, Sarah Jeffery, Melonie Diaz, Rupert Evans, Ser'Darius Blain, Ellen Tamaki, Charlie Gillespie"
"s363","Kenneth Gyang","Tunde Aladese, Omatta Udalor, Terje Lien, Ann Njemanze, Anders Lidin Hansen, Jenny Bonden, Belinda Effah, Anita Daniels, Silje Drensgrud, TorbjÃ¸rn Jensen"
"s364","Jaume BalaguerÃ³","Freddie Highmore, Astrid BergÃ¨s-Frisbey, Sam Riley, Liam Cunningham, JosÃ© Coronado, Luis Tosar, Emilio GutiÃ©rrez Caba, Axel Stein, Daniel HolguÃ­n, Famke Janssen"
"s365","null","Kimiko Glenn, Megan Hilty, Parvesh Cheena, Chris Diamantopoulos, Megan Nicole Dong, Jessie Mueller, Josh Radnor"
"s366","Najwa Najjar","Khaled Abol El Naga, Souad Massi, Suhail Haddad, Malak Ermileh, Maisa Abd Elhadi, Walid Abdul Salam, Nisreen Faour, Areen Omari"
"s367","null","null"
"s368","SelÃ§uk Metin","Metin AkpÄ±nar, Demet AkbaÄŸ, Umur Bugay, Ahmet GÃ¼lhan, Dikmen GÃ¼rÃ¼n, Kandemir Konduk, Perran Kutman, Zeynep Oral, Nevra Serezli, Selma Sonat, Suat Sungur, Ferhan Åžensoy, Cihat Tamer, Demet Taner"
"s369","null","null"
"s370","null","null"
"s371","null","Chase Stokes, Madelyn Cline, Madison Bailey, Jonathan Daviss, Rudy Pankow, Charles Esten, Adina Porter, Austin North, Drew Starkey"
"s372","Najwa Najjar","Yasmine Al Massri, Ashraf Farah, Ali Suliman, Hiam Abbass, Samia Kuzmoz Bakri, Yosef Abu Wardeh, Wardeh Dukwar, Manal Awad, Valentina Abu-'Aksa, Walid Abdul Salam, Ahmad Abu Sal'oum, Wardeh Jubran"
"s373","Keishi Otomo","Takeru Satoh, Kasumi Arimura, Issey Takahashi, Nijiro Murakami, Masanobu Ando, Kazuki Kitamura, Yosuke Eguchi"
"s374","David Charhon","Jean-Claude Van Damme, Alban Ivanov, Ã‰ric Judor, Patrick Timsit, Miou-Miou, Assa Sylla, Samir Decazza, ValÃ©rie Kaprisky, Djimo, Nassim Lyes"
"s375","Michelle Bello","Damilola Adegbite, Chris Attoh, Chuks Chukwujekwu, Blossom Chukwujekwu, Eku Edewor, Bikiya Graham Douglas"
"s376","Steven Tsuchida","Christina Milian, Jay Pharoah, Sinqua Walls, Tymberlee Hill, Jeryl Prescott Gallien, Christiani Pitts, Karen Obilom, Alexander Hodge, T.J. Power, Sylvaine Strike, Kayne Lee Harrison"
"s377","null","Jake Foushee, Jason Marnocha, Linsay Rousseau, Joe Zieja, Frank Todaro, Bill Rogers, Keith Silverstein, Edward Bosco, Tessho Genda, Ryohei Kimura, Kikuko Inoue, Kazuhiko Inoue, Chafurin"
"s378","Daniel Markowicz","JÃ³zef PawÅ‚owski, Zofia Domalik, Szymon Bobrowski, BartÅ‚omiej Topa, Janusz Chabior, RafaÅ‚ Zawierucha, Antoni Pawlicki, Cezary Åukaszewicz, Danuta Stenka, Jan Frycz, Damian Majewski"
"s379","Louie Schwartzberg","null"
"s380","null","null"
"s381","Glen Winter","Grant Gustin, Candice Patton, Danielle Panabaker, Carlos Valdes, Tom Cavanagh, Jesse L. Martin, Neil Sandilands, Britne Oldford, Danielle Nicolet, Keiynan Lonsdale, Kim Engelbrecht"
"s382","null","Juan Pablo Urrego, SebastiÃ¡n Osorio, Patricia Tamayo, VerÃ³nica VelÃ¡squez, MarÃ­a Camila ZÃ¡rate, Nicole SantamarÃ­a, Eduardo PÃ©rez, Julian Farrieta, Gustavo Angarita Jr., Carlos Manuel Vesga, Helena Mallarino, David Prada, Margarita Reyes, Adriana Silva, Laura RodrÃ­guez, AngÃ©lica BlandÃ³n, Maia Landaburu, JesÃºs de los RÃ­os"
"s383","null","Daniel Ezra, Taye Diggs, Samantha Logan, Bre-Z, Greta Onieogou, Monet Mazur, Michael Evans Behling, Cody Christian, Karimah Westbrook, Jalyn Hall, Jordan Belfi, Briana Lane"
"s384","Ram Gopal Varma","Amitabh Bachchan, Sanjay Dutt, Rana Daggubati, Vijay Raaz, Abhimanyu Singh, Madhu Shalini, Deepak Tijori, Anjana Sukhani, Manchu Lakshmi"
"s385","David Benullo","Jennifer Taylor, Justin Schilling, Emily Sweet, Julia Terranova, Patrick Cronen, Richard Neil"
"s386","null","Maximilian Mundt, Danilo Kamperidis, Lena Klenke, Damian Hardung, Leonie Wesselow, Luna Schaller, Bjarne MÃ¤del, Roland Riebeling"
"s387","null","Jay Hatton, Zoe Hatz, Meesha Contreras, Dylan Shombing, Tyler Nathan, Leo Orgil, Michela Luci, Ian Ho, Evan Lefeuvre, Annick Obonsawin"
"s388","Laxman Utekar","Kriti Sanon, Pankaj Tripathi, Sai Tamhankar, Manoj Pahwa, Supriya Pathak, Evelyn Edwards"
"s389","Royale Watkins, Rich Schlansker","Joey Wells, Will 'Spank' Horton, Na'im Lynn"
"s390","Yuval Adler","Diane Kruger, Martin Freeman, Cas Anvar, Rotem Keinan, Yohanan Herson"
"s391","null","Andrew Lincoln, Steven Yeun, Norman Reedus, Chandler Riggs, Melissa McBride, Lauren Cohan, Danai Gurira, Alanna Masterson, Sonequa Martin-Green, Josh McDermitt, Christian Serratos, Seth Gilliam, Ross Marquand, Lennie James, Emily Kinney, Jon Bernthal"
"s392","null","Melanie Scrofano, Shamier Anderson, Tim Rozon, Dominique Provost-Chalkley, Michael Eklund, Katherine Barrell, Greg Lawson, Natascha Girgis"
"s393","Quentin Tarantino","Jamie Foxx, Christoph Waltz, Leonardo DiCaprio, Kerry Washington, Samuel L. Jackson, Walton Goggins, Dennis Christopher, James Remar, David Steen, Dana Gourrier, Nichole Galicia, Laura Cayouette, Ato Essandoh, Sammi Rotibi, Escalante Lundy, Don Johnson"
"s394","Clay Glen","Emily Morris, Stella Shute, Eva Grados, India Colombi, Nina Pearce, Adam Tuominen, Carmel Johnson, Natasha Wanganeen, Elysia Markou, Alexander Lloyd, Amy Handley"
"s395","Muzi Mthembu","Phumelele Mthembu, Anthony Goss, Thami Buti, Makhosazana Ndlovu, Zandile Lujabe, Gontse Ntshegang, Roget Ellis, Bridget Pike, Boipelo Nokukhanya Tau, James Raynolds, Nji Alain, Bongani Dlamin"
"s396","Marcos Bucay","Aldo Escalante, Ricardo Polanco, Natalia TÃ©llez, Fabrizio Santini, SeoJu Park, MarÃ­a ChacÃ³n, Giuseppe Gamba, SebastiÃ¡n Zurita"
"s397","Peter Thorwarth","Peri Baumeister, Alexander Scheer, Kais Setti, Carl Koch, Gordon Brown, Roland MÃ¸ller, Chidi Ajufo, Kai Ivo Baulitz, Graham McTavish, Dominic Purcell"
"s398","null","Radhika Madan, Amol Parashar, Rohit Saraf, Kajol Chugh, Tanya Maniktala, Mihir Ahuja, Simran Jehani, Sanjeeta Bhattacharya, Saba Azaad, Skand Thakur, Zayn Marie Khan, Neeraj Madhav"
"s399","Kim Seong-hun","Gianna Jun, Park Byung-eun, Kim Si-a, Kim Roi-ha, Koo Kyo-hwan"
"s400","null","Mark Hamill, Lena Headey, Chris Wood, Sarah Michelle Gellar, Liam Cunningham, Stephen Root, Diedrich Bader, Griffin Newman, Tiffany Smith, Henry Rollins, Alan Oppenheimer, Susan Eisenberg, Alicia Silverstone, Justin Long, Jason Mewes, Phil LaMarr, Tony Todd, Cree Summer, Kevin Michael Richardson, Kevin Conroy, Harley Quinn Smith"
"s401","null","Kevin Smith, Tiffany Smith, Robert David, Sarah Michelle Gellar, Chris Wood, Liam Cunningham, Alan Oppenheimer, Lena Headey, Kevin Conroy, Henry Rollins, Jason Mewes, Stephen Root, Mark Hamill"
"s402","null","VerÃ³nica SÃ¡nchez, Miguel Ãngel Silvestre, Asier Etxeandia, Lali EspÃ³sito, Yany Prado, Enric Auquer, Luis Zahera, Carmen SantamarÃ­a, Cecilia GÃ³mez, Godeliv Van den Brandt, PenÃ©lope Guerrero, Luisa Vides, Niko Verona, Chema Ruiz"
"s403","Augustine Frizzell","Shailene Woodley, Felicity Jones, Callum Turner, Joe Alwyn, Nabhaan Rizwan, Ncuti Gatwa, Emma Appleton, Christian Brassington, Alice Orr-Ewing, Lee Knight, Zoe Boyle, Ben Cross, Diana Kent"
"s404","null","null"
"s405","null","null"
"s406","Sidheswar Shukla","Sonal Kaushal, Rupa Bhimani, Julie Tejwani, Sabina Malik, Jigna Bharadwaj"
"s407","Rajiv Chilaka","Vatsal Dubey, Julie Tejwani, Rupa Bhimani, Jigna Bhardwaj, Rajesh Kava, Mousam, Swapnil"
"s408","Rajiv Chilaka","Vatsal Dubey, Julie Tejwani, Rupa Bhimani, Jigna Bhardwaj, Rajesh Kava, Mousam, Swapnil"
"s409","Rajiv Chilaka","Vatsal Dubey, Julie Tejwani, Rupa Bhimani, Jigna Bhardwaj, Rajesh Kava, Mousam, Swapnil"
"s410","Rajiv Chilaka","Vatsal Dubey, Julie Tejwani, Rupa Bhimani, Jigna Bhardwaj, Rajesh Kava, Arun Shekher, Sanchit Wartak"
"s411","Rajiv Chilaka","Vatsal Dubey, Julie Tejwani, Rupa Bhimani, Jigna Bhardwaj, Rajesh Kava, Mousam, Swapnil"
"s412","Rajiv Chilaka","Vatsal Dubey, Julie Tejwani, Rupa Bhimani, Jigna Bhardwaj, Rajesh Kava, Mousam, Swapnil"
"s413","Rajiv Chilaka","Vatsal Dubey, Julie Tejwani, Rupa Bhimani, Jigna Bhardwaj, Rajesh Kava, Mousam, Swapnil"
"s414","Rajiv Chilaka","Vatsal Dubey, Julie Tejwani, Rupa Bhimani, Jigna Bhardwaj, Rajesh Kava, Mousam, Swapnil"
"s415","Rajiv Chilaka","Vatsal Dubey, Julie Tejwani, Rupa Bhimani, Jigna Bhardwaj, Rajesh Kava, Mousam, Swapnil"
"s416","Rajiv Chilaka","Vatsal Dubey, Julie Tejwani, Rupa Bhimani, Jigna Bhardwaj, Rajesh Kava, Arun Shekher, Sanchit Wartak"
"s417","Rajiv Chilaka","Vatsal Dubey, Julie Tejwani, Rupa Bhimani, Jigna Bhardwaj, Rajesh Kava, Mousam, Swapnil"
"s418","Binayak Das","Sonal Kaushal, Rupa Bhimani, Julie Tejwani, Sabina Malik, Jigna Bharadwaj, Rajesh Kava"
"s419","Arpan Sarkar, Shyamal Chaulia","Julie Tejwani, Sabina Malik, Jigna Bharadwaj, Rupa Bhimani, Lalit Agarwal, Rajesh Shukla, Disha, Rajesh Kava, Raju"
"s635","Anissa Bonnefont","Olivier Rousteing"
"s420","Rajiv Chilaka","Vatsal Dubey, Julie Tejwani, Rupa Bhimani, Jigna Bhardwaj, Rajesh Kava, Mousam, Swapnil"
"s421","Rajiv Chilaka","Vatsal Dubey, Julie Tejwani, Rupa Bhimani, Jigna Bhardwaj, Rajesh Kava, Mousam, Swapnil"
"s422","Rajiv Chilaka, Owll Mina","Vatsal Dubey, Julie Tejwani, Rupa Bhimani, Jigna Bhardwaj, Rajesh Kava, Mousam, Swapnil"
"s423","Rajiv Chilaka","Vatsal Dubey, Julie Tejwani, Rupa Bhimani, Jigna Bhardwaj, Rajesh Kava"
"s424","Rajiv Chilaka","Pooja Punabi, Mausam, Julie Tejwani, Rupa Bhimani, Jigna Bhardwaj, Rajesh Kava, Parigna Pandya"
"s425","Rajiv Chilaka","Vatsal Dubey, Julie Tejwani, Rupa Bhimani, Jigna Bhardwaj, Rajesh Kava, Mousam, Swapnil"
"s426","null","Colin Donnell, Torrey DeVitto, Oliver Platt, S. Epatha Merkerson, Nick Gehlfuss, Yaya DaCosta, Laurie Holden"
"s427","Ainsley Gardiner, Briar Grace-Smith","Rachel House, Briar Grace-Smith, Tanea Heke, Tioreore Ngatai-Melbourne, Ana Scotney, Hariata Moriarty, Chelsie Preston Crayford, Sylvia Rands"
"s428","Mahmoud Karim","Ramez Galal, Jamila Awad, Bayoumi Fouad, Mohamed Abdel-Rahman, Mohammed Tharwat, Maha Abou Ouf, Noor Kadri, Elshahat Mabrouk, Badriyyah Tulbah, Taher Abu Lela, Sara Derzawy"
"s429","Kyohei Ishiguro","Somegoro Ichikawa, Hana Sugisaki, Megumi Han, Natsuki Hanae, Yuuichirou Umehara, Megumi Nakajima, Sumire Morohoshi, Hiroshi Kamiya, Maaya Sakamoto, Koichi Yamadera, Kikuko Inoue"
"s430","Seyi Babatope","Blossom Chukwujekwu, Elozonam Ogbolu, Nse Ikpe-Etim, Belinda Effah, Saeed Mohammed, Chukwuemeka Okoroafor, Kunle Fawole, Chris Okagbue, Adebayo Salami, Charles Inojie, Elvina Ibru, Tobi Bakare"
"s431","null","null"
"s432","null","Bruna Louise"
"s433","Johane Matte, Andrew L. Schmidt, Francisco Ruiz Velasco","Emile Hirsch, Lexi Medrano, Charlie Saxton, Kelsey Grammer, Fred Tatasciore, Steven Yeun, Cole Sand, Amy Landecker, Jonathan Hyde, Thomas F. Wilson, Lauren Tom, Diego Luna, Tatiana Maslany, Nick Offerman, Nick Frost, Colin O'Donoghue, Alfred Molina, Piotr Michael, Kay Bess, Angel Lin, James Hong"
"s434","Morgan Ingari","Molly Bernard, Patrick Breen, Robin de JesÃºs, Ava Eisenson, Ade Otukoya"
"s435","null","Rodrigo de la Serna, Diego Alonso, Ariel Staltari, Franco Tirri, Ana Celentano, Rosina Soto, Augusto BrÃ­tez, Dante Mastropierro, Susana Manchini, Diana Wells"
"s436","null","Lee Dong-wook, Yoo In-na, Lee Sang-woo, Son Sung-yoon, Oh Jung-se, Shim Hyoung-tak, Jang So-yeon, Park Ji-hwan, Lee Jun-hyuk"
"s437","Abdulaziz Alshlahei","Faisal Al Dokhei, Adwa Fahad, Muhand Alsaleh, Rawya Ahmed, Ajeba Aldosary, Aly Ibrahim, Samer Elkhal, Hashem Hawsawi, Ibrahim Mesisebi, Shabib Alkhaleefa, Abdulateif Saud, Nada Alshehry, Dhay Nasser"
"s438","Edward Drake","Frank Grillo, Bruce Willis, Brandon Thomas Lee, Corey Large, Perrey Reeves, C.J. Perry, Lochlyn Munro, Costas Mandylor, Adelaide Kane, Eva De Dominici, Sarah May Sommers, Trevor Gretzky"
"s439","Kathryn Fasegha","Beverly Naya, Mawuli Gavor, Ajoke Silva, Jide Kosoko, Toyin Abraham, Okey Uzoeshi, Deyemi Okanlawon, Shaffy Bello, Tina Mba, Efe Irele"
"s440","Sita Likitvanichkul, Jetarin Ratanaserikiat, Apirak Samudkitpaisan, Thanabodee Uawithya, Adirek Wattaleela","Panisara Rikulsurakan, Kay Lertsittichai, Supanaree Sutavijitvong, Krit Jeerapattananuwong, Warisara Jitpreedasakul, Dujdao Vadhanapakorn, Kim Waddoup, Philaiwan Khamphirathat, Wongsakorn Rassamitat, Bhumibhat Thavornsiri"
"s441","null","null"
"s442","Leigh Janiak","Kiana Madeira, Ashley Zukerman, Gillian Jacobs, Olivia Scott Welch, Benjamin Flores Jr., Darrell Britt-Gibson, Sadie Sink, Emily Rudd, McCabe Slye, Julia Rehwald, Fred Hechinger, Jordana Spiro, Jordyn DiNatale"
"s443","null","James Arnold Taylor, Trevor Devall, Maryke Hendrikse, Emily Tennant"
"s444","Luis Estrada","DamiÃ¡n AlcÃ¡zar, Pedro ArmendÃ¡riz Jr., Delia Casanova, Juan Carlos Colombo, Alex Cox, Guillermo Gil, Ernesto GÃ³mez Cruz, Leticia Huijara, Luis de Icaza, Eduardo LÃ³pez Rojas, Manuel Ojeda, Salvador SÃ¡nchez, Evangelina Sosa, Isela Vega"
"s445","Garrett Bradley","null"
"s446","Sofia Coppola","Colin Farrell, Nicole Kidman, Kirsten Dunst, Elle Fanning, Oona Laurence, Angourie Rice, Addison Riecke, Emma Howard"
"s447","Colin Trevorrow","Naomi Watts, Jaeden Martell, Jacob Tremblay, Sarah Silverman, Dean Norris, Lee Pace, Maddie Ziegler, Tonya Pinkins, Bobby Moynihan, Geraldine Hughes"
"s448","Bill Condon","Kristen Stewart, Robert Pattinson, Taylor Lautner, Billy Burke, Peter Facinelli, Elizabeth Reaser, Kellan Lutz, Nikki Reed, Jackson Rathbone, Ashley Greene"
"s449","Bill Condon","Kristen Stewart, Robert Pattinson, Taylor Lautner, Peter Facinelli, Elizabeth Reaser, Ashley Greene, Jackson Rathbone, Kellan Lutz, Nikki Reed, Billy Burke"
"s450","David Slade","Kristen Stewart, Robert Pattinson, Taylor Lautner, Bryce Dallas Howard, Billy Burke, Dakota Fanning, Peter Facinelli, Elizabeth Reaser, Jackson Rathbone, Kellan Lutz, Ashley Greene, Nikki Reed"
"s451","Chris Weitz","Kristen Stewart, Robert Pattinson, Taylor Lautner, Ashley Greene, Rachelle Lefevre, Billy Burke, Michael Sheen, Dakota Fanning, Peter Facinelli, Elizabeth Reaser, Jackson Rathbone, Kellan Lutz, Nikki Reed, Edi Gathegi"
"s452","Catherine Hardwicke","Kristen Stewart, Robert Pattinson, Billy Burke, Peter Facinelli, Elizabeth Reaser, Cam Gigandet, Ashley Greene, Anna Kendrick, Nikki Reed, Taylor Lautner, Jackson Rathbone, Kellan Lutz"
"s453","Hadrah Daeng Ratu","Nadya Arina, Refal Hady, Giorgino Abraham, Anggika Bolsterli, Laura Theux, Christine Hakim, Unique Priscilla, Karina Suwandi, Mathias Muchus, Ayu Laksmi, I Made Sidia, Dominique Sanda, Bryan Domani, Wafda Saifan, Yayu Unru, Dave Hendrik"
"s454","null","Chikahiro Kobayashi, Sayaka Senbongi, Yuki Ono, Atsumi Tanezaki, Junya Enoki, Yuma Uchida, Takeo Otsuka, Naoto Kobayashi, Yoshiyuki Shimozuma, Nobuhiko Okamoto, Fukushi Ochiai, Takaaki Torashima, Sayumi Watabe, Genki Muro, Yuichi Iguchi, Yuko Hara, Ikuto Kanemasa, Ouchi Akane, Hibiku Yamamura, Sakura Ando, Akio Otsuka, Mitsuaki Hoshino, Kenyu Horiuchi"
"s455","Tommy Chong","Cheech Marin, Tommy Chong, Susan Hahn, Carol van Herwijnen, Shireen Strooker"
"s456","Fred Ouro Preto","Emicida"
"s457","null","Park Min-young, Kim Jae-uk, Ahn Bo-hyun, Jung Je-won, Park Jin-joo, Kim Bo-ra, Maeng Sang-hun, Kim Mee-kyung, Kim Sun-young, Lee Il-hwa"
"s458","Mayye Zayed","null"
"s459","Alessandra de Rossi","Piolo Pascual, Alessandra de Rossi, KC Montero, Alex Medina, Jess Mendoza, Helga Krapf, Joyce Ann Burton, Luz Valdez"
"s460","null","Maitreyi Ramakrishnan, Poorna Jagannathan, Richa Moorjani, Jaren Lewison, Darren Barnet, John McEnroe, Ramona Young, Lee Rodriguez, Sendhil Ramamurthy, Adam Shapiro, Niecy Nash, Cocoa Brown, Lily D. Moore, Eddie Liu"
"s461","Ash Brannon, Chris Buck","Shia LaBeouf, Jeff Bridges, Zooey Deschanel, Jon Heder, James Woods, Diedrich Bader, Mario Cantone, Kelly Slater, Rob Machado, Sal Masekela"
"s823","Emma Tammi","Caitlin Gerard, Julia Goldani Telles, Ashley Zukerman, Miles Anderson, Dylan McTee"
"s462","Alaa Eddine Aljem","Younes Bouab, Salah Bensalah, Bouchaib Essamak, Mohamed Naimane, Anas Elbaz, Hassan Ben Badida, Abdelghani Kitab, Ahmed Yarziz, Rachid El Adouani, Mohamed El Moutamassik, Abdel Ghani Benizza, Adam Morjany"
"s463","Tom Donahue","null"
"s464","Roberto De Feo, Paolo Strippoli","Matilda Lutz, Francesco Russo, Peppino Mazzotta, Will Merrick, Yuliia Sobol, Alida Baldari Calabria, Cristina Donadio, Francesca Cavallin"
"s465","Navot Papushado","Karen Gillan, Lena Headey, Carla Gugino, Chloe Coleman, Michelle Yeoh, Angela Bassett, Paul Giamatti, Ralph Ineson, Adam Nagaitis, Michael Smiley, Freya Allan"
"s466","null","null"
"s467","null","null"
"s468","Manuel AlcalÃ¡","Daniel GimÃ©nez Cacho"
"s469","Ricardo Trogi","Louis Morissette, Ã‰milie Bierre, Catherine Chabot, Xavier Lebel, Isabelle GuÃ©rard, Gilles Renaud, Alexandre Goyette, Jean-Carl Boucher, Louise Portal"
"s470","Semi Chellas","Hong Chau, Sarah Gadon, John Gallagher Jr., Lola Kirke, Ellen Burstyn, David Cubitt, Jordan Pettle, Richard Walters"
"s471","null","David Spade, London Hughes, Fortune Feimster"
"s472","Akay Mason, Abosi Ogba","Olumide Oworu, Denola Grey, Gbemi Akinlade, Jide Kosoko, Ireti Doyle, Norbert Young, Toyin Abraham, Blossom Chukwujekwu, Broda Shaggi, Ini Dima-Okojie, Deyemi Okanlawon"
"s473","null","Iara Nemirovsky, Laraine Newman, David Errigo Jr, Tyler Shamy, Ezra Menas, Ashlyn Madden, Sutton Foster"
"s474","Viridiana Lieberman","null"
"s475","Nima Nourizadeh","Jesse Eisenberg, Kristen Stewart, Topher Grace, Connie Britton, Walton Goggins, John Leguizamo, Bill Pullman, Tony Hale, Lavell Crawford, Stuart Greer"
"s476","Daniel RÅ¯Å¾iÄka","Iva PazderkovÃ¡, LukÃ¡Å¡ PavlÃ¡sek, Daniel ÄŒech, Petr Cerha, OndÅ™ej HavlÃ­k, Radek PetrÃ¡Å¡, ZbynÄ›k ViÄar, Pavel TomeÅ¡, Nela Berg"
"s477","Juraj Å ajmoviÄ","MiloÅ¡ Knor, LukÃ¡Å¡ PavlÃ¡sek, TomÃ¡Å¡ Matonoha, Ester KoÄiÄkovÃ¡, Michal KavalÄÃ­k, Richard NedvÄ›d"
"s478","null","Jennifer Jason Leigh, Keir Gilchrist, Michael Rapaport, Brigette Lundy-Paine, Amy Okuda, Jenna Boyd, Graham Rogers, Nik Dodani"
"s479","null","Luna Wedler, Jessica Schwarz, Adrian Julius Tillmann, Thomas Prenn, Jing Xiang, Caro Cult, Sebastian Jakob Doppelbauer"
"s480","Leigh Janiak","Sadie Sink, Emily Rudd, Ryan Simpkins, McCabe Slye, Ted Sutherland, Jordana Spiro, Gillian Jacobs, Kiana Madeira, Benjamin Flores Jr., Ashley Zukerman, Olivia Scott Welch, Chiara Aurelia, Jordyn DiNatale"
"s481","Femi D. Ogunsanwo","Ade Laoye, Munachi Abii, Kehinde Bankole, Charles Etubiebi, Paul Utomi, Efa Iwara, Tina Mba, Tope Tedela, Demi Banwo, Teniola Aladese, Delroy Norman, Omowunmi Dada"
"s482","Douglas Attal","Pio MarmaÃ¯, Vimala Pons, BenoÃ®t Poelvoorde, LeÃ¯la Bekhti, Swann Arlaud, Gilles Cohen, LÃ©onie Souchaud, Camille Japy, Louis Peres, ThÃ©o Christine"
"s483","null","Peter Dinklage"
"s484","null","Fatih Åžahin, Ece Ã‡eÅŸmioÄŸlu, Halit Ã–zgÃ¼r SarÄ±, AslÄ±han Malbora, Eray ErtÃ¼ren, Eren Ã–ren, Ozan Kaya Oktu, Talha Ã–ztÃ¼rk, Merve Nur Bengi, SÃ¼meyye AydoÄŸan"
"s485","Kim Joo-hyung","Lee Su-geun"
"s486","Avi Federgreen","David Pinard, Joelle Farrow, Torri Higginson, Tommie-Amber Pirie"
"s487","Jericca Cleland, Kevin Munroe","Paul Giamatti, John Goodman, Bella Thorne, Rosario Dawson, Jim Ward, Armin Shimerman, Vincent Tong, Andrew Cownden, James Arnold Taylor, David Kaye, Sylvester Stallone"
"s488","null","Michelle Jenner, Roberto EnrÃ­quez, Hugo Silva, Maxi Iglesias, MarÃ­a HervÃ¡s, AgnÃ¨s Llobet, Paula Usero, Jean Cruz, Ã“scar RabadÃ¡n, Fiorella Faltoyano, Nancho Novo, Silvia Abascal, MÃ³nica LÃ³pez"
"s489","null","Alexandra Breckenridge, Martin Henderson, Tim Matheson, Annette O'Toole, Colin Lawrence, Jenny Cooper, Lauren Hammersley"
"s490","Ahmed Siddiqui","Jassim Al Nabhan, Abdel Imam Abdullah, Abdulaziz El Nassar, Khalid Muthafar, Amal Anbari, Ali Al-Hamdaan, El Hussein Abd, Nawaf Al Shemmeri, Bashar Abd Alah, Naser Albouloshy"
"s491","null","null"
"s492","Hallie Meyers-Shyer","Reese Witherspoon, Michael Sheen, Candice Bergen, Nat Wolff, Jon Rudnitsky, Pico Alexander, Lake Bell, Reid Scott, Dolly Wells, Lola Flanery, Eden Grace Redfield, P.J. Byrne"
"s493","Scott Speer","Bella Thorne, Patrick Schwarzenegger, Rob Riggle, Quinn Shephard, Suleka Mathew, Tiera Skovbye, Ken Tremblett, Norm Misura, Austin Obiajunwa, Nicholas Coombe"
"s494","null","Nick Apostolides, Stephanie Panisello, Ray Chase, Jona Xiao, Billy Kametz, Joe J. Thomas, Doug Stone, Brad Venable, Toshiyuki Morikawa, Yuhko Kaida, Fumihiko Tachiki, Megumi Han, Kenji Nojima, Kazuhiko Inoue, Aruno Tahara, Mitsuru Ogata"
"s495","Barry Levinson","Bill Murray, Kate Hudson, Zooey Deschanel, Danny McBride, Scott Caan, Leem Lubany, Bruce Willis, Arian Moayed, Taylor Kinney, Glenn Fleshler"
"s496","Tolulope Itegboje","null"